Category;Artical number;Name;Barcode;Availability;RRP (€);Your price (€);Ordered;Manufacturer;Weight (kg);Dimensions (mm);Quantity per pack;url
3D pen accessories;G3D2009;3Dsimo Book for 3D drawing - basic (in English);8594177460658;180-299 ks;6;3,39;0;3Dsimo;0,4;260 * 210 * 6;50;https://com.cqe.cz/3dsimo-book-for-3d-drawing-basic-in-english/
3D pen accessories;G3D2006;3Dsimo book - advanced (in English);8594177460337;100-179 ks;20;12,12;0;3Dsimo;1,68;260 * 210 * 30;1;https://com.cqe.cz/3d-pen-accessory-3dsimo-book-english/
3DS accessories;NI3P010;3DS Bag;8595142712857;41-99 ks;;5,65;0;Nintendo;0,8;0 * 0 * 0;48;https://com.cqe.cz/3ds-bag/
Cables and adapters;HRF0005;Powkong Brickgeek Fast Charger;6978095910174;Release date 30.4.2026;27;16,62;0;Powkong;0,18;79 * 46.50 * 132;100;https://com.cqe.cz/powkong-brickgeek-fast-charger/
Cables and adapters;HRF0004;Powkong Vine multifunctional cabel;6978095910112;Release date 30.4.2026;14;8,94;0;Powkong;0,05;87 * 30 * 86.50;140;https://com.cqe.cz/powkong-vine-multifunctional-cabel/
Cases and Covers;HRF1300;FUNLAB Funcase for Switch2 - Red;6978095910273;Release date 30.4.2026;16;10,22;0;Funlab;0,3;295 * 144 * 55;60;https://com.cqe.cz/funlab-funcase-for-switch2-red/
Cases and Covers;HRF1301;FUNLAB Games Guardian Switch 2 Travel Case - Red;6978095910280;Release date 30.4.2026;41;25,59;0;Funlab;0,21;290 * 144 * 143;8;https://com.cqe.cz/funlab-games-guardian-switch-2-travel-case-red/
Cases and Covers;HRF1306;FUNLAB PS PORTAL bag With Iron Stamp (Black);6978095910631;Release date 30.4.2026;23;14,06;0;Funlab;0,42;260 * 120 * 50;24;https://com.cqe.cz/funlab-ps-portal-bag-with-iron-stamp-black/
Cases and Covers;HRF1305;FUNLAB PS PORTAL bag With Iron Stamp (White);6978095910648;Release date 30.4.2026;23;14,06;0;Funlab;0,42;260 * 120 * 50;24;https://com.cqe.cz/funlab-ps-portal-bag-with-iron-stamp-white/
Cases and Covers;HRF1002;FUNLAB Pro Switch Controller Case - Dave Ed.;6978095910228;Release date 30.4.2026;16;9,54;0;Funlab;0,24;176 * 93 * 150;36;https://com.cqe.cz/funlab-pro-switch-controller-case-dave-ed/
Cases and Covers;HRF1307;FUNLAB Pro Wireless Switch Controller Carry case;6978095910426;Release date 30.4.2026;14;8,94;0;Funlab;0,24;176 * 93 * 15;36;https://com.cqe.cz/funlab-pro-wireless-switch-controller-carry-case/
Cases and Covers;HRF1302;FUNLAB Snorlax Carrying Case for Nintendo Switch 2;6978095910136;Release date 30.4.2026;19;11,50;0;Funlab;0,21;290 * 140 * 43;60;https://com.cqe.cz/funlab-snorlax-carrying-case-for-nintendo-switch-2/
Cases and Covers;HRF1303;FUNLAB Switch 2 Carrying Case - Black;6978095910129;Release date 30.4.2026;16;10,22;0;Funlab;0,23;295 * 144 * 55;60;https://com.cqe.cz/funlab-switch-2-carrying-case-black/
Cases and Covers;HRF1304;FUNLAB Switch 2 Carrying Case - Black Iron Stamp;6978095910297;Release date 30.4.2026;21;12,78;0;Funlab;0,28;55 * 300 * 160;30;https://com.cqe.cz/funlab-switch-2-carrying-case-black-iron-stamp/
Cases and Covers;HRF1005;FUNLAB Switch 2 Dave Carrying Case(Color-Printed);6978095910259;Release date 30.4.2026;25;13,30;0;Funlab;0,28;55 * 300 * 160;30;https://com.cqe.cz/funlab-switch-2-dave-carrying-case-color-printed/
Cases and Covers;HRF1004;FUNLAB Switch 2 Dave Carrying Case(Oxford Fabric);6978095910242;Release date 30.4.2026;25;13,30;0;Funlab;0,28;55 * 300 * 160;30;https://com.cqe.cz/funlab-switch-2-dave-carrying-case-oxford-fabric/
Cases and Covers;HRF1003;FUNLAB Switch Game Card Holder with 16 Card Slots;6978095910235;Release date 30.4.2026;16;9,54;0;Funlab;0,34;295 * 148 * 52;30;https://com.cqe.cz/funlab-switch-game-card-holder-with-16-card-slots/
Cases and Covers;HRF1331;FUNLAB Switch Game Storage 24 Card Slots - POKEDEX;6978095910075;Release date 30.4.2026;14;8,94;0;Funlab;0,17;170 * 90 * 18;120;https://com.cqe.cz/funlab-switch-game-storage-24-card-slots-pokedex/
Cases and Covers;HRF1335;FUNLAB Switch Game Storage 24 Card Slots - Purple;6978095910693;Release date 30.4.2026;14;8,94;0;Funlab;0,17;170 * 90 * 18;120;https://com.cqe.cz/funlab-switch-game-storage-24-card-slots-purple/
Cases and Covers;HRF1334;FUNLAB Switch Game Storage 24 Card Slots - Yellow;6978095910686;Release date 30.4.2026;14;8,94;0;Funlab;0,17;170 * 90 * 18;120;https://com.cqe.cz/funlab-switch-game-storage-24-card-slots-yellow/
Cases and Covers;HRF1332;FUNLAB Switch Game Storage 24 Card Slots - Zonai;6978095910082;Release date 30.4.2026;14;8,94;0;Funlab;0,17;170 * 90 * 18;120;https://com.cqe.cz/funlab-switch-game-storage-24-card-slots-zonai/
Cases and Covers;HRF1333;FUNLAB Switch Game Storage 24 Card Slots - Zonai 2;6978095910044;Release date 30.4.2026;14;8,94;0;Funlab;0,17;170 * 90 * 18;120;https://com.cqe.cz/funlab-switch-game-storage-24-card-slots-zonai-2/
Cases and Covers;HRF1336;FUNLAB Switch Game Storage with 48 Card Slots Red;6978095910471;Release date 30.4.2026;16;10,22;0;Funlab;0,27;171 * 92 * 30;70;https://com.cqe.cz/funlab-switch-game-storage-with-48-card-slots-red/
Cases and packaging;HRSS063;SWITCH 2 HORI Adventure Pack (Black);4961818039964;41-99 ks;33;20,05;0;HORI;0,41;315 * 85 * 240;8;https://com.cqe.cz/switch-2-hori-adventure-pack-black/
Cases and packaging;HRSS0632;SWITCH 2 HORI Adventure Pack (Cozy Pink);4961818042346;41-99 ks;33;20,05;0;HORI;0,41;315 * 85 * 240;8;https://com.cqe.cz/switch-2-hori-adventure-pack-cozy-pink/
Cases and packaging;HRSS0631;SWITCH 2 HORI Adventure Pack (Gengar & Mimikyu);4961818041806;41-99 ks;37;22,38;0;HORI;0,41;315 * 85 * 240;8;https://com.cqe.cz/switch-2-hori-adventure-pack-gengar-mimikyu/
Cases and packaging;HRSS051;SWITCH 2 HORI Card Case 24;4961818039858;180-299 ks;11;6,45;0;HORI;0,17;270 * 41 * 128;24;https://com.cqe.cz/switch-2-hori-card-case-24/
Cases and packaging;HRSS0511;SWITCH 2 HORI Card Case 24 Eevee;4961818041608;13-20 ks;14;8,19;0;HORI;0,17;270 * 41 * 128;24;https://com.cqe.cz/switch-2-hori-card-case-24-eevee/
Cases and packaging;HRSS0512;SWITCH 2 HORI Card Case 24 Gengar & Mimikyu;4961818041745;41-99 ks;14;8,19;0;HORI;0,17;270 * 41 * 128;24;https://com.cqe.cz/switch-2-hori-card-case-24-gengar-mimikyu/
Cases and packaging;HRSS071;SWITCH 2 HORI Compact Carry All (Black);4961818039971;21-40 ks;37;22,56;0;HORI;0,36;310 * 160 * 180;4;https://com.cqe.cz/switch-2-hori-compact-carry-all-black/
Cases and packaging;HRSS0711;SWITCH 2 HORI Compact Carry All (Sand);4961818041554;41-99 ks;37;22,56;0;HORI;0,36;310 * 160 * 180;4;https://com.cqe.cz/switch-2-hori-compact-carry-all-sand/
Cases and packaging;HRSS062;SWITCH 2 HORI Puff Pouch (Black);4961818039957;5-7 ks;33;20,05;0;HORI;0,31;315 * 85 * 240;8;https://com.cqe.cz/switch-2-hori-puff-pouch-black/
Cases and packaging;HRSS0622;SWITCH 2 HORI Puff Pouch (Cozy Green);4961818042407;41-99 ks;33;20,05;0;HORI;0,31;315 * 85 * 240;8;https://com.cqe.cz/switch-2-hori-puff-pouch-cozy-green/
Cases and packaging;HRSS0621;SWITCH 2 HORI Puff Pouch (Eevee);4961818041646;41-99 ks;37;22,38;0;HORI;0,31;315 * 85 * 240;8;https://com.cqe.cz/switch-2-hori-puff-pouch-eevee/
Cases and packaging;HRSS064;SWITCH 2 HORI Reversible Travel Pouch (Black);4961818040045;5-7 ks;33;20,05;0;HORI;0,26;300 * 90 * 190;8;https://com.cqe.cz/switch-2-hori-reversible-travel-pouch-black/
Cases and packaging;HRSS061;SWITCH 2 HORI Slim Tough Pouch;4961818039940;100-179 ks;21;12,52;0;HORI;0,17;270 * 41 * 128;24;https://com.cqe.cz/switch-2-hori-slim-tough-pouch/
Cases and packaging;HRSS0612;SWITCH 2 HORI Slim Tough Pouch Levander;4961818041516;100-179 ks;21;12,52;0;HORI;0,17;270 * 41 * 128;24;https://com.cqe.cz/switch-2-hori-slim-tough-pouch-levander/
Cases and packaging;HRSS0611;SWITCH 2 HORI Slim Tough Pouch Light Blue;4961818041509;41-99 ks;21;12,52;0;HORI;0,17;270 * 41 * 128;24;https://com.cqe.cz/switch-2-hori-slim-tough-pouch-light-blue/
Cases and packaging;HRSS011;SWITCH 2 Vault Case (Eevee);4961818041684;21-40 ks;33;19,89;0;HORI;0,33;165 * 85 * 145;20;https://com.cqe.cz/switch-2-vault-case-eevee/
Cases and packaging;HRSS012;SWITCH 2 Vault Case (Gengar & Mimikyu);4961818041820;21-40 ks;33;19,89;0;HORI;0,33;165 * 85 * 145;20;https://com.cqe.cz/switch-2-vault-case-gengar-mimikyu/
Cases and packaging;HRSS014;SWITCH 2 Vault Case (Universe Rosalina);4961818043404;Release date 27.3.2026;33;19,89;0;HORI;0,33;165 * 85 * 145;20;https://com.cqe.cz/switch-2-vault-case-universe-rosalina/
Charging Stations and Docks;HRF1206;FUNLAB Lumingrip Switch Joypad Charge Grip - WB;6978095910525;Release date 30.4.2026;23;14,06;0;Funlab;0,15;110 * 120 * 30;100;https://com.cqe.cz/funlab-lumingrip-switch-joypad-charge-grip-wb/
Charging Stations and Docks;HRF1205;FUNLAB Lumingrip Switch Joypad Charge Grip - WW;6978095910518;Release date 30.4.2026;23;14,06;0;Funlab;0,15;110 * 120 * 30;100;https://com.cqe.cz/funlab-lumingrip-switch-joypad-charge-grip-ww/
Charging Stations and Docks;HRF1222;FUNLAB Revealer Switch Dock &4 Joycon Slots-SSB;6978095910068;Release date 30.4.2026;41;25,59;0;Funlab;0,52;187 * 80 * 115;36;https://com.cqe.cz/funlab-revealer-switch-dock-4-joycon-slots-ssb/
Charging Stations and Docks;HRF1221;FUNLAB Revealer Switch Dock &4 Joycon Slots-Ultra;6978095910617;Release date 30.4.2026;41;25,59;0;Funlab;0,52;187 * 80 * 115;36;https://com.cqe.cz/funlab-revealer-switch-dock-4-joycon-slots-ultra/
Charging Stations and Docks;HRF1220;FUNLAB Revealer Switch Dock &4 Joycon Slots-Wonder;6978095910600;Release date 30.4.2026;41;25,59;0;Funlab;0,52;187 * 80 * 115;36;https://com.cqe.cz/funlab-revealer-switch-dock-4-joycon-slots-wonder/
Charging stations and docks;HRF0002;Powkong Cube dock set charge station + Vine cable;6978095910174;Release date 30.4.2026;45;28,15;0;Powkong;0,22;60 * 60 * 121;100;https://com.cqe.cz/powkong-cube-dock-set-charge-station-vine-cable/
Charging stations and docks;HRF0003;Powkong Pipe dock cast & Charge station;6978095910181;Release date 30.4.2026;41;25,59;0;Powkong;0,22;109 * 92.50 * 61.50;80;https://com.cqe.cz/powkong-pipe-dock-cast-charge-station/
Charging stations and docks;HRF0001;Powkong Piranha Screen Cast & charging station;6978095910150;Release date 30.4.2026;87;53,76;0;Powkong;1,59;445 * 225 * 180;6;https://com.cqe.cz/powkong-piranha-screen-cast-charging-station/
Charging stations and docks;HRSS041;SWITCH 2 HORI Dual USB PlayStand;4961818039780;41-99 ks;41;25,07;0;HORI;0,14;135 * 45 * 200;24;https://com.cqe.cz/switch-2-hori-dual-usb-playstand/
Game Controllers;HRF1102;FUNLAB Firefly Pro Switch Wrls Controller - S&V;6978095910020;Release date 30.4.2026;37;23,03;0;Funlab;0,36;160 * 110 * 70;40;https://com.cqe.cz/funlab-firefly-pro-switch-wrls-controller-s-v/
Game Controllers;HRF1101;FUNLAB Firefly Pro Switch Wrls Controller - ZA;6978095910488;Release date 30.4.2026;39;24,31;0;Funlab;0,36;160 * 110 * 70;40;https://com.cqe.cz/funlab-firefly-pro-switch-wrls-controller-za/
Game Controllers;HRF1103;FUNLAB Firefly Pro Switch Wrls Controller - Zonai;6978095910013;Release date 30.4.2026;39;24,31;0;Funlab;0,36;160 * 110 * 70;40;https://com.cqe.cz/funlab-firefly-pro-switch-wrls-controller-zonai/
Game Controllers;HRF1105;FUNLAB Firefly Pro Switch Wrls Controller-Cat Paw;6978095910402;Release date 30.4.2026;37;23,03;0;Funlab;0,36;160 * 110 * 70;40;https://com.cqe.cz/funlab-firefly-pro-switch-wrls-controller-cat-paw/
Game Controllers;HRF1104;FUNLAB Firefly Pro Switch Wrls Controller-Kakariko;6978095910396;Release date 30.4.2026;37;23,03;0;Funlab;0,36;160 * 110 * 70;40;https://com.cqe.cz/funlab-firefly-pro-switch-wrls-controller-kakariko/
Game Controllers;HRF1001;FUNLAB Luminex Pro Wireless Switch Dock - Dave Ed.;6978095910211;Release date 30.4.2026;62;38,39;0;Funlab;0,6;183 * 145.80 * 93.80;30;https://com.cqe.cz/funlab-luminex-pro-wireless-switch-dock-dave-ed/
Game Controllers;HRF1106;FUNLAB Luminex Pro Wrls Switch Ctrl + Dock - Miner;6978095910204;Release date 30.4.2026;52;31,99;0;Funlab;0,6;183 * 145.80 * 93.80;30;https://com.cqe.cz/funlab-luminex-pro-wrls-switch-ctrl-dock-miner/
Game Controllers;HRF1108;FUNLAB Luminex Pro Wrls Switch Ctrl + Dock - SPI;6978095910419;Release date 30.4.2026;52;31,99;0;Funlab;0,6;183 * 145.80 * 93.80;30;https://com.cqe.cz/funlab-luminex-pro-wrls-switch-ctrl-dock-spi/
Game Controllers;HRF1107;FUNLAB Luminex Pro Wrls Switch Ctrl + Dock - SSB;6978095910051;Release date 30.4.2026;52;31,99;0;Funlab;0,6;183 * 145.80 * 93.80;30;https://com.cqe.cz/funlab-luminex-pro-wrls-switch-ctrl-dock-ssb/
Game Controllers;HRF1201;FUNLAB Luminous Wrls Joypad Switch + Grip - S&V;6978095910044;Release date 30.4.2026;66;40,96;0;Funlab;0,33;145 * 145 * 70;40;https://com.cqe.cz/funlab-luminous-wrls-joypad-switch-grip-s-v/
Game Controllers;HRF1202;FUNLAB Luminous Wrls Joypad Switch + Grip - Wonder;6978095910501;Release date 30.4.2026;66;40,96;0;Funlab;0,33;145 * 145 * 70;40;https://com.cqe.cz/funlab-luminous-wrls-joypad-switch-grip-wonder/
Game Controllers;HRF1204;FUNLAB Luminous Wrls Joypad Switch - S&V;6978095910044;Release date 30.4.2026;50;30,71;0;Funlab;0,33;145 * 145 * 70;40;https://com.cqe.cz/funlab-luminous-wrls-joypad-switch-s-v/
Game Controllers;HRF1203;FUNLAB Luminous Wrls Joypad Switch - Zonai Black;6978095910037;Release date 30.4.2026;50;30,71;0;Funlab;0,33;145 * 145 * 70;40;https://com.cqe.cz/funlab-luminous-wrls-joypad-switch-zonai-black/
Game Controllers;HRF1212;FUNLAB Luminpad Wrls Gripcon Switch - Black Camo;6978095910587;Release date 30.4.2026;41;25,59;0;Funlab;0,4;310 * 120 * 62;36;https://com.cqe.cz/funlab-luminpad-wrls-gripcon-switch-black-camo/
Game Controllers;HRF1213;FUNLAB Luminpad Wrls Gripcon Switch - Blue Camo;6978095910594;Release date 30.4.2026;41;25,59;0;Funlab;0,4;310 * 120 * 62;36;https://com.cqe.cz/funlab-luminpad-wrls-gripcon-switch-blue-camo/
Game Controllers;HRF1209;FUNLAB Luminpad Wrls Gripcon Switch - Camo White;6978095910556;Release date 30.4.2026;41;25,59;0;Funlab;0,4;310 * 120 * 62;36;https://com.cqe.cz/funlab-luminpad-wrls-gripcon-switch-camo-white/
Game Controllers;HRF1210;FUNLAB Luminpad Wrls Gripcon Switch - Comb;6978095910563;Release date 30.4.2026;41;25,59;0;Funlab;0,4;310 * 120 * 62;36;https://com.cqe.cz/funlab-luminpad-wrls-gripcon-switch-comb/
Game Controllers;HRF1211;FUNLAB Luminpad Wrls Gripcon Switch - Cybermecha;6978095910570;Release date 30.4.2026;41;25,59;0;Funlab;0,4;310 * 120 * 62;36;https://com.cqe.cz/funlab-luminpad-wrls-gripcon-switch-cybermecha/
Game Controllers;HRF1208;FUNLAB Luminpad Wrls Gripcon Switch - Zonai Black;6978095910549;Release date 30.4.2026;41;25,59;0;Funlab;0,4;310 * 120 * 62;36;https://com.cqe.cz/funlab-luminpad-wrls-gripcon-switch-zonai-black/
Game Controllers;HRF1207;FUNLAB Luminpad Wrls Gripcon Switch - Zonai White;6978095910532;Release date 30.4.2026;41;25,59;0;Funlab;0,4;310 * 120 * 62;36;https://com.cqe.cz/funlab-luminpad-wrls-gripcon-switch-zonai-white/
Game Controllers;HRF1337;FUNLAB NS2 2 Mouse set;6978095910143;Release date 30.4.2026;16;10,22;0;Funlab;0,11;70 * 61 * 122;100;https://com.cqe.cz/funlab-ns2-2-mouse-set/
Game Controllers;HRPC49200;PC HORI Fighting Commander OCTA SF 6 Cammy Ed.;4961818038226;2 ks;62;36,11;0;HORI;0,38;180 * 150 * 80;24;https://com.cqe.cz/pc-hori-fighting-commander-octa-sf-6-cammy-ed/
Game Controllers;HRSS001;SWITCH 2 HORIPAD Turbo (Black);4961818039810;100-179 ks;33;20,05;0;HORI;0,33;165 * 85 * 145;24;https://com.cqe.cz/switch-2-horipad-turbo-black/
Game Controllers;HRSS0015;SWITCH 2 HORIPAD Turbo (Cozy Green);4961818042209;21-40 ks;33;20,05;0;HORI;0,33;165 * 85 * 145;24;https://com.cqe.cz/switch-2-horipad-turbo-cozy-green/
Game Controllers;HRSS0014;SWITCH 2 HORIPAD Turbo (Cozy Pink);4961818042186;21-40 ks;33;20,05;0;HORI;0,33;165 * 85 * 145;24;https://com.cqe.cz/switch-2-horipad-turbo-cozy-pink/
Game Controllers;HRSS0011;SWITCH 2 HORIPAD Turbo (Eevee);4961818041585;13-20 ks;37;22,38;0;HORI;0,33;165 * 85 * 145;24;https://com.cqe.cz/switch-2-horipad-turbo-eevee/
Game Controllers;HRSS0012;SWITCH 2 HORIPAD Turbo (Gengar & Mimikyu);4961818041721;21-40 ks;37;22,38;0;HORI;0,33;165 * 85 * 145;24;https://com.cqe.cz/switch-2-horipad-turbo-gengar-mimikyu/
Game Controllers;HRSS0013;SWITCH 2 HORIPAD Turbo (Levander);4961818042025;13-20 ks;33;20,05;0;HORI;0,33;165 * 85 * 145;24;https://com.cqe.cz/switch-2-horipad-turbo-levander/
Game Controllers;HRSS013;SWITCH 2 Vault Case (Mario);4961818042285;100-179 ks;33;19,89;0;HORI;0,33;165 * 85 * 145;20;https://com.cqe.cz/switch-2-vault-case-mario/
Game Controllers;HRSS0103;SWITCH 2 Wireless HORIPAD Turbo (Universe Mario);4961818043183;Release date 27.3.2026;64;39,67;0;HORI;0,31;157 * 70 * 143;24;https://com.cqe.cz/switch-2-wireless-horipad-turbo-universe-mario/
Game Controllers;HRSS0104;SWITCH 2 Wireless HORIPAD Turbo Universe Rosalina;4961818043213;Release date 27.3.2026;64;39,67;0;HORI;0,31;157 * 70 * 143;24;https://com.cqe.cz/switch-2-wireless-horipad-turbo-universe-rosalina/
Game Controllers;NSP1647;SWITCH Wireless HORIPAD (City Pop Peach);810050912600;8-12 ks;41;22,68;0;HORI;0,32;160 * 120 * 65;24;https://com.cqe.cz/switch-wireless-horipad-city-pop-peach/
Game Controllers;NSP1646;SWITCH Wireless HORIPAD (Teal);810050912167;8-12 ks;41;22,68;0;HORI;0,32;160 * 120 * 65;24;https://com.cqe.cz/switch-wireless-horipad-teal/
Game Controllers;NSP1648;SWITCH Wireless HORIPAD (Wario&Waluigi);810050912648;8-12 ks;41;22,68;0;HORI;0,32;160 * 120 * 65;24;https://com.cqe.cz/switch-wireless-horipad-wario-waluigi/
Game Controllers;HRPC0500;Wireless HORIPAD Pro for Steam (Midnight Black);4961818039209;41-99 ks;62;36,11;0;HORI;0,4;160 * 77 * 150;24;https://com.cqe.cz/wireless-horipad-pro-for-steam-midnight-black/
Game controllers;HRG22995;GameSir G7 PRO Mech White;6936685222267;Not in stock, On the road 100-179 ks 31.3.;99;55,74;0;GameSir;0,8;177 * 173 * 94;20;https://com.cqe.cz/gamesir-g7-pro-mech-white/
Game controllers;HRG22996;GameSir G7 PRO Shadow Ember;6936685220409;Not in stock, On the road 41-99 ks 31.3.;99;55,74;0;GameSir;0,8;177 * 173 * 94;20;https://com.cqe.cz/gamesir-g7-pro-shadow-ember/
Game controllers;HRG22997;GameSir G7 PRO Wuchang edition;6936685223219;5-7 ks;124;69,68;0;GameSir;0,78;177 * 173 * 94;20;https://com.cqe.cz/gamesir-g7-pro-wuchang-edition/
Game controllers;HRG2300;GameSir G8 Galileo mobile contr iPhone15 & Android;6936685200043;21-40 ks;95;53,62;0;GameSir;0,54;538 * 349 * 331;20;https://com.cqe.cz/gamesir-g8-galileo-mobile-contr-iphone15-android/
Game controllers;HRG2310;GameSir G8+ Galileo Bluetooth Mobile Controller;6936685221291;180-299 ks, Discount 8-12 ks;87;50,57;0;GameSir;0,64;262 * 149 * 66;20;https://com.cqe.cz/gamesir-g8-galileo-bluetooth-mobile-controller/
Game controllers;HRG2305;GameSir G8+ MFI for iPhone15 & Android (type C);6936685222991;41-99 ks;91;51,07;0;GameSir;0,54;538 * 349 * 331;20;https://com.cqe.cz/gamesir-g8-mfi-for-iphone15-android-type-c/
Game controllers;HRG71099;GameSir Nova Lite 2 Champions edition;6936685223158;180-299 ks;41;24,87;0;GameSir;0,44;159 * 150 * 63;30;https://com.cqe.cz/gamesir-nova-lite-2-champions-edition/
Game controllers;HRG7300;GameSir Pocket Taco - Bluetooth Mobile Controller;6936685223714;Release date 15.4.2026;50;28,66;0;GameSir;0,25;92.50 * 29.50 * 176.30;40;https://com.cqe.cz/gamesir-pocket-taco-bluetooth-mobile-controller/
Game controllers;HRG7104;GameSir T4 PRO WRLS Gaming Controller;6936685219687;1 ks;54;28,01;0;GameSir;0,46;75 * 170 * 172;20;https://com.cqe.cz/gamesir-t4-pro-wrls-gaming-controller/
Game controllers;HRG85843;GameSir X2s Bluetooth Mobile Gaming Controller;6936685221253;8-12 ks;52;30,09;0;GameSir;0,23;43 * 89 * 190;20;https://com.cqe.cz/gamesir-x2s-bluetooth-mobile-gaming-controller/
Game controllers;HRG8595;GameSir X5 Lite Black;6936685221901;180-299 ks;45;26,26;0;GameSir;0,17;54 * 93 * 210;30;https://com.cqe.cz/gamesir-x5-lite-black/
Game controllers;HRG8596;GameSir X5 Lite Wasabi Green;6936685222670;100-179 ks;45;26,26;0;GameSir;0,2;54 * 93 * 210;30;https://com.cqe.cz/gamesir-x5-lite-wasabi-green/
Game controllers;HRG8598;GameSir X5s ZZZ Wireless Mobile Controller Black;6936685222380;100-179 ks;66;40,96;0;GameSir;0,41;206 * 100 * 67;30;https://com.cqe.cz/gamesir-x5s-zzz-wireless-mobile-controller-black/
Game controllers;HRG8597;GameSir X5s ZZZ Wireless Mobile Controller White;6936685222373;100-179 ks;66;40,96;0;GameSir;0,42;206 * 100 * 67;30;https://com.cqe.cz/gamesir-x5s-zzz-wireless-mobile-controller-white/
Gaming Joysticks;HRPC0200;PC HOTAS Flight Control System & Mount;810050912266;13-20 ks;516;341,67;0;HORI;9,4;375 * 315 * 381;1;https://com.cqe.cz/pc-hotas-flight-control-system-mount/
Gaming Keyboards;HRPC48501;PC Mechanical Gaming Keyboard EDGE 201;4961818024991;41-99 ks, Discount 21-40 ks;25;13,03;0;HORI;1,44;250 * 45 * 485;0;https://com.cqe.cz/pc-mechanical-gaming-keyboard-edge-201/
Gaming Mice;HRG2600;GameSir GM500 Ultra Light Gaming Mouse;6936685219922;5-7 ks;39;22,69;0;GameSir;0,27;62 * 122 * 188;20;https://com.cqe.cz/gamesir-gm500-ultra-light-gaming-mouse/
Gaming Steering Wheels;HRPC0400;HORI Force Feedback Truck Control System for PC;4961818038271;41-99 ks;620;391,45;0;HORI;12,36;615 * 380 * 428;1;https://com.cqe.cz/hori-force-feedback-truck-control-system-for-pc/
Gaming Steering Wheels;HRPC0300;PC 7-Speed Racing Shifter;810050911283;8-12 ks;103;62,54;0;HORI;1,87;255 * 170 * 190;4;https://com.cqe.cz/pc-7-speed-racing-shifter/
Gaming Steering Wheels;HRPC0100;PC Farming Vehicle Control System;810050912211;8-12 ks;413;267,65;0;HORI;9,33;560 * 350 * 375;1;https://com.cqe.cz/pc-farming-vehicle-control-system/
Gaming Steering Wheels;HRSS081;Racing Wheel Attachment Set for Switch 2 (Mario);4961818040922;100-179 ks;16;9,43;0;HORI;0,18;45 * 165 * 195;24;https://com.cqe.cz/racing-wheel-attachment-set-for-switch-2-mario/
Gaming Steering Wheels;HRSS082;Racing Wheel Attachment Set for Switch 2 (Peach);4961818041707;21-40 ks;16;9,43;0;HORI;0,18;45 * 165 * 195;24;https://com.cqe.cz/racing-wheel-attachment-set-for-switch-2-peach/
Gaming Steering Wheels;HRSS083;Racing Wheel Attachment Set for Switch 2 (Yoshi);4961818041974;21-40 ks;16;9,43;0;HORI;0,18;45 * 165 * 195;24;https://com.cqe.cz/racing-wheel-attachment-set-for-switch-2-yoshi/
Gaming keyboard;HRG8147;GameSir VX2 AimSwitch Combo Mouse + Keyboard V2.0;6936685220324;21-40 ks, Discount 3-4 ks;153;86,85;0;GameSir;1,31;103 * 215 * 267;8;https://com.cqe.cz/gamesir-vx2-aimswitch-combo-mouse-keyboard-v2-0/
Gaming pads;HRG2610;GameSir GP-S Gaming Mouse Pad;6936685220249;21-40 ks;12;21,85;0;GameSir;0,16;30 * 255 * 305;100;https://com.cqe.cz/gamesir-gp-s-gaming-mouse-pad/
Microsoft Accessories;HRG22991;GameSir G7 HE Wired Controller for XBOX & PC Black;6936685221529;Not in stock, On the road 41-99 ks 31.3.;58;33,70;0;GameSir;0,42;160 * 118 * 84;30;https://com.cqe.cz/gamesir-g7-he-wired-controller-for-xbox-pc-black/
Microsoft Accessories;HRG22992;GameSir G7 HE Wired Controller for XBOX & PC White;6936685221512;41-99 ks, Discount 3-4 ks;58;33,70;0;GameSir;0,44;160 * 118 * 84;30;https://com.cqe.cz/gamesir-g7-he-wired-controller-for-xbox-pc-white/
Microsoft Accessories;HRG22998;GameSir G7 PRO Zenless Zone Zero;6936685222892;Not in stock, On the road 41-99 ks 31.3.;157;86,04;0;GameSir;1,94;186 * 213 * 247.50;2;https://com.cqe.cz/gamesir-g7-pro-zenless-zone-zero/
Microsoft Accessories;HRG22983;GameSir G7-SE Wired Controller (XBOX & PC) Orange;6936685221451;300-499 ks, Discount 1 ks;58;33,70;0;GameSir;0,42;160 * 118 * 84;30;https://com.cqe.cz/gamesir-g7-se-wired-controller-xbox-pc-orange/
Microsoft Accessories;HRG22982;GameSir G7-SE Wired Controller (XBOX & PC) Purple;6936685221468;300-499 ks;58;33,70;0;GameSir;0,42;160 * 118 * 84;30;https://com.cqe.cz/gamesir-g7-se-wired-controller-xbox-pc-purple/
Microsoft Accessories;HRG2298;GameSir G7-SE Wired Controller for XBOX & PC;6936685220676;41-99 ks;58;35,11;0;GameSir;0,42;16 * 118 * 84;30;https://com.cqe.cz/gamesir-g7-se-wired-controller-for-xbox-pc/
Microsoft Accessories;HRG22981;GameSir G7-SE Wired Controller for XBOX & PC Blue;6936685221475;41-99 ks;58;33,70;0;GameSir;0,42;160 * 118 * 84;30;https://com.cqe.cz/gamesir-g7-se-wired-controller-for-xbox-pc-blue/
Microsoft Accessories;HRG7112;GameSir Kaleid Flux Xbox Wired Controller;6936685221338;300-499 ks;58;33,70;0;GameSir;0,44;118 * 84 * 160;30;https://com.cqe.cz/gamesir-kaleid-flux-xbox-wired-controller/
Microsoft Accessories;HRG7113;GameSir Kaleid Xbox Wired Controller;6936685220843;100-179 ks;58;33,70;0;GameSir;0,42;118 * 84 * 160;30;https://com.cqe.cz/gamesir-kaleid-xbox-wired-controller/
Microsoft Accessories;HRX322121;XONE/XSX 3D Sound Gaming Neckset;810050910248;41-99 ks;124;58,00;0;HORI;0,59;245 * 75 * 300;8;https://com.cqe.cz/xone-xsx-3d-sound-gaming-neckset/
Microsoft Accessories;HRX331002;XONE/XSX HoriPad Pro;4961818034679;2 ks;54;29,61;0;HORI;0,42;180 * 145 * 80;24;https://com.cqe.cz/xone-xsx-horipad-pro/
Microsoft Accessories;HRX364330;XONE/XSX/PC Racing Wheel Overdrive;810050910187;41-99 ks;140;74,12;0;HORI;3,3;320 * 290 * 295;2;https://com.cqe.cz/xone-xsx-pc-racing-wheel-overdrive/
Microsoft Accessories;HRX364329;XONE/XSX/PC Wireless Racing Wheel Overdrive;4961818041950;21-40 ks;190;117,79;0;HORI;3,35;325 * 295 * 295;2;https://com.cqe.cz/xone-xsx-pc-wireless-racing-wheel-overdrive/
NDS accessories;GN1005;Gaming chair Animal Crossing;94338201130;41-99 ks;124;65,16;0;XROCKER;9,56;850 * 410 * 650;1;https://com.cqe.cz/gaming-chair-animal-crossing/
NDS accessories;GN1002;Gaming chair Peach;94338200973;13-20 ks, Discount 1 ks;124;65,16;0;XROCKER;9,9;850 * 410 * 650;1;https://com.cqe.cz/gaming-chair-peach/
Nintendo 3DS games;NI3S7001;3DS Sushi Striker: The Way of Sushido;45496477219;41-99 ks;;24,00;0;Nintendo;0,09;135 * 123 * 20;15;https://com.cqe.cz/3ds-sushi-striker-the-way-of-sushido/
Nintendo Switch 2 Games;N2S0195;NS2 Animal Crossing: New Horizons - NS2 Edition;45496313715;500+ ks;;41,00;0;Nintendo;0,05;105 * 170 * 11;20;https://com.cqe.cz/ns2-animal-crossing-new-horizons-ns2-edition/
Nintendo Switch 2 Games;N2S0612;NS2 Bravely Default: Flying Fairy HD Remaster;45496312503;500+ ks;;25,20;0;Nintendo;0,05;105 * 170 * 11;20;https://com.cqe.cz/ns2-bravely-default-flying-fairy-hd-remaster/
Nintendo Switch 2 Games;N2S1305;NS2 Donkey Kong Bananza;45496312763;Not in stock, On the road 500+ ks 13.4.;;50,40;0;Nintendo;0,05;105 * 170 * 11;20;https://com.cqe.cz/ns2-donkey-kong-bananza/
Nintendo Switch 2 Games;INSS350;NS2 Goodnight Universe;810161631407;3-4 ks;31;19,95;0;Skybound Games;0,05;135 * 170 * 15;20;https://com.cqe.cz/ns2-goodnight-universe/
Nintendo Switch 2 Games;N2S2560;NS2 Hades II - Nintendo Switch 2 Edition;45496313234;500+ ks;;31,50;0;Nintendo;0,07;105 * 170 * 11;20;https://com.cqe.cz/ns2-hades-ii-nintendo-switch-2-edition/
Nintendo Switch 2 Games;N2S2902;NS2 Hyrule Warriors: Age of Imprisonment;45496313500;500+ ks;;50,40;0;Nintendo;0,05;105 * 170 * 11;20;https://com.cqe.cz/ns2-hyrule-warriors-age-of-imprisonment/
Nintendo Switch 2 Games;N2S3766;NS2 Kirby Air Riders;45496313142;500+ ks;;50,40;0;Nintendo;0,05;105 * 170 * 11;20;https://com.cqe.cz/ns2-kirby-air-riders/
Nintendo Switch 2 Games;N2S3770;NS2 Kirby and the Forgotten Land+Star-Crossed WLD;45496312930;500+ ks;;50,40;0;Nintendo;0,05;105 * 170 * 11;20;https://com.cqe.cz/ns2-kirby-and-the-forgotten-land-star-crossed-wld/
Nintendo Switch 2 Games;N2S4386;NS2 Mario Kart World;45496312329;500+ ks;;56,70;0;Nintendo;0,05;105 * 170 * 11;20;https://com.cqe.cz/ns2-mario-kart-world/
Nintendo Switch 2 Games;N2S4394;NS2 Mario Tennis Fever;45496313616;500+ ks;;50,40;0;Nintendo;0,05;105 * 170 * 11;20;https://com.cqe.cz/ns2-mario-tennis-fever/
Nintendo Switch 2 Games;N2S4444;NS2 Metroid Prime 4: Beyond;45496313371;500+ ks;;44,10;0;Nintendo;0,05;105 * 170 * 11;20;https://com.cqe.cz/ns2-metroid-prime-4-beyond/
Nintendo Switch 2 Games;INSS580;NS2 No Sleep For Kaname Date - From AI:TSF Aiba;5061077021034;8-12 ks;54;33,20;0;Creative Distribution Ltd;0,06;105 * 170 * 10;20;https://com.cqe.cz/ns2-no-sleep-for-kaname-date-from-ai-tsf-aiba/
Nintendo Switch 2 Games;N2S5670;NS2 Pokémon Legends: Z-A;45496313043;500+ ks;;44,10;0;Nintendo;0,06;105 * 170 * 11;20;https://com.cqe.cz/ns2-pokemon-legends-z-a/
Nintendo Switch 2 Games;N2S5674;NS2 Pokémon Pokopia;45496313821;Not in stock, On the road 100-179 ks 30.4.;;50,40;0;Nintendo;0,05;105 * 170 * 11;20;https://com.cqe.cz/ns2-pokemon-pokopia/
Nintendo Switch 2 Games;N2S6835;NS2 Street Fighter 6 Years 1-2 Fighters Edition;45496312428;500+ ks;;37,80;0;Nintendo;0,06;105 * 170 * 11;20;https://com.cqe.cz/ns2-street-fighter-6-years-1-2-fighters-edition/
Nintendo Switch 2 Games;N2S6846;NS2 Super Mario Bros. Wonder+Meetup in Bellabel p.;45496313913;Release date 26.3.2026;;50,40;0;Nintendo;0,05;105 * 170 * 11;20;https://com.cqe.cz/ns2-super-mario-bros-wonder-meetup-in-bellabel-p/
Nintendo Switch 2 Games;N2S6850;NS2 Super Mario Party Jamboree + Jamboree TV;45496312855;500+ ks;;50,40;0;Nintendo;0,05;105 * 170 * 11;20;https://com.cqe.cz/ns2-super-mario-party-jamboree-jamboree-tv/
Nintendo Switch 2 Games;N2S7027;NS2 The Legend of Zelda: Breath of the Wild;45496312664;500+ ks;;50,40;0;Nintendo;0,05;105 * 170 * 11;20;https://com.cqe.cz/ns2-the-legend-of-zelda-breath-of-the-wild/
Nintendo Switch 2 Games;N2S7033;NS2 The Legend of Zelda: Tears of the Kingdom;45496312572;500+ ks, Discount 3-4 ks;;50,40;0;Nintendo;0,05;105 * 170 * 11;20;https://com.cqe.cz/ns2-the-legend-of-zelda-tears-of-the-kingdom/
Nintendo Switch 2 Games;N2S8446;NS2 Xenoblade Chronicles X: Definitive Edition;45496314019;Release date 16.4.2026;;41,00;0;Nintendo;0,05;105 * 170 * 11;20;https://com.cqe.cz/ns2-xenoblade-chronicles-x-definitive-edition/
Nintendo Switch 2 console;N2H001;Nintendo Switch 2;45496321444;500+ ks;;369,00;0;Nintendo;1,65;225 * 110 * 220;5;https://com.cqe.cz/nintendo-switch-2/
Nintendo Switch 2 console;N2H002;Nintendo Switch 2 + Mario Kart World;45496321529;500+ ks;;403,00;0;Nintendo;1,74;225 * 110 * 220;5;https://com.cqe.cz/nintendo-switch-2-mario-kart-world/
Nintendo Switch Games;NSS001;SWITCH 1 2 Switch;45496420185;500+ ks;;30,00;0;Nintendo;0,05;105 * 170 * 11;20;https://com.cqe.cz/switch-1-2-switch/
Nintendo Switch Games;NSS004;SWITCH 51 Worldwide Games;45496426316;500+ ks;;24,00;0;Nintendo;0,05;105 * 170 * 11;20;https://com.cqe.cz/switch-51-worldwide-games/
Nintendo Switch Games;NSS035;SWITCH ARMS;45496420369;500+ ks;;36,00;0;Nintendo;0,05;105 * 170 * 11;20;https://com.cqe.cz/switch-arms/
Nintendo Switch Games;NSS022;SWITCH Advance Wars 1+2: Re-Boot Camp;45496428563;300-499 ks;;36,00;0;Nintendo;0,05;105 * 170 * 11;20;https://com.cqe.cz/switch-advance-wars-1-2-re-boot-camp/
Nintendo Switch Games;NSS032;SWITCH Animal Crossing: New Horizons;45496425449;500+ ks;;36,00;0;Nintendo;0,05;105 * 170 * 11;20;https://com.cqe.cz/switch-animal-crossing-new-horizons/
Nintendo Switch Games;NSS033;SWITCH Another Code: Recollection;45496511432;180-299 ks;;36,00;0;Nintendo;0,05;105 * 170 * 11;20;https://com.cqe.cz/switch-another-code-recollection/
Nintendo Switch Games;NSS039;SWITCH Astral Chain;45496424671;500+ ks;;36,00;0;Nintendo;0,05;105 * 170 * 11;20;https://com.cqe.cz/switch-astral-chain/
Nintendo Switch Games;NSS061;SWITCH Bayonetta 3;45496478445;100-179 ks;;36,00;0;Nintendo;0,05;105 * 170 * 11;20;https://com.cqe.cz/switch-bayonetta-3/
Nintendo Switch Games;NSS063;SWITCH Bayonetta Origins:Cereza and the Lost Demon;45496479091;180-299 ks;;36,00;0;Nintendo;0,05;105 * 170 * 11;20;https://com.cqe.cz/switch-bayonetta-origins-cereza-and-the-lost-demon/
Nintendo Switch Games;INS210;SWITCH Berserk Boy;3760328374104;2 ks;41;23,40;0;Red Art Games;0,06;105 * 170 * 11;20;https://com.cqe.cz/switch-berserk-boy/
Nintendo Switch Games;INS211;SWITCH Berserk Boy Collector's edition;3760328374098;13-20 ks;66;37,45;0;Red Art Games;0,22;105 * 170 * 11;20;https://com.cqe.cz/switch-berserk-boy-collector-s-edition/
Nintendo Switch Games;NSS079;SWITCH Bravely Default II;45496426095;41-99 ks;;36,00;0;Nintendo;0,05;105 * 170 * 11;20;https://com.cqe.cz/switch-bravely-default-ii/
Nintendo Switch Games;NSS060;SWITCH Byonetta 2 + DCC (Byonetta 1);45496421489;500+ ks;;36,00;0;Nintendo;0,05;105 * 170 * 11;20;https://com.cqe.cz/switch-byonetta-2-dcc-byonetta-1/
Nintendo Switch Games;NSS100;SWITCH Captain Toad: Treasure Tracker;45496422356;500+ ks;;24,00;0;Nintendo;0,05;105 * 170 * 11;20;https://com.cqe.cz/switch-captain-toad-treasure-tracker/
Nintendo Switch Games;NSS1196;SWITCH DC Super Hero Girls: Teen Power;45496427566;8-12 ks;;36,00;0;Nintendo;0,05;105 * 170 * 11;20;https://com.cqe.cz/switch-dc-super-hero-girls-teen-power/
Nintendo Switch Games;NSS117;SWITCH Dairoku:Agents of Sakuratani;5060112436536;3-4 ks;62;39,09;0;NIS America;0,05;105 * 170 * 11;15;https://com.cqe.cz/switch-dairoku-agents-of-sakuratani/
Nintendo Switch Games;NSS118;SWITCH Dark Soul: Remastered;45496421892;500+ ks;;24,00;0;Nintendo;0,05;105 * 170 * 11;20;https://com.cqe.cz/switch-dark-soul-remastered/
Nintendo Switch Games;NSS1242;SWITCH Detective Pikachu Returns;45496479626;41-99 ks;;30,00;0;Nintendo;0,05;105 * 170 * 11;20;https://com.cqe.cz/switch-detective-pikachu-returns/
Nintendo Switch Games;NSS132;SWITCH Disney Illusion Island;45496479213;180-299 ks, Discount 3-4 ks;;24,00;0;Nintendo;0,05;105 * 170 * 11;20;https://com.cqe.cz/switch-disney-illusion-island/
Nintendo Switch Games;NSS133;SWITCH Donkey Kong Country Returns HD;45496512705;500+ ks;;36,00;0;Nintendo;0,05;105 * 170 * 11;20;https://com.cqe.cz/switch-donkey-kong-country-returns-hd/
Nintendo Switch Games;NSS134;SWITCH Donkey Kong Country: Tropical Freeze;45496421731;500+ ks;;36,00;0;Nintendo;0,05;105 * 170 * 11;20;https://com.cqe.cz/switch-donkey-kong-country-tropical-freeze/
Nintendo Switch Games;NSS142;SWITCH Dragon Quest XI S: Echoes - Def. Edition;45496424510;500+ ks;;36,00;0;Nintendo;0,05;105 * 170 * 11;20;https://com.cqe.cz/switch-dragon-quest-xi-s-echoes-def-edition/
Nintendo Switch Games;INS285;SWITCH Dungeon Drafters;3760374320124;1 ks;41;23,40;0;Red Art Games;0,05;105 * 170 * 11;20;https://com.cqe.cz/switch-dungeon-drafters/
Nintendo Switch Games;INS300;SWITCH Elrentaros Wanderings;3760328374142;21-40 ks;54;30,42;0;Red Art Games;0,09;105 * 170 * 11;14;https://com.cqe.cz/switch-elrentaros-wanderings/
Nintendo Switch Games;NSS151;SWITCH Endless Ocean Luminous;45496511807;5-7 ks;;30,00;0;Nintendo;0,05;105 * 170 * 11;20;https://com.cqe.cz/switch-endless-ocean-luminous/
Nintendo Switch Games;NSS178;SWITCH Fae Farm;45496479541;41-99 ks;;36,00;0;Nintendo;0,06;105 * 170 * 11;20;https://com.cqe.cz/switch-fae-farm/
Nintendo Switch Games;NSS192;SWITCH Fashion Dreamer;45496511166;21-40 ks, Discount 1 ks;;30,00;0;Nintendo;0,05;105 * 170 * 11;20;https://com.cqe.cz/switch-fashion-dreamer/
Nintendo Switch Games;NSS200;SWITCH Fire Emblem Engage;45496478551;100-179 ks;;36,00;0;Nintendo;0,05;105 * 170 * 11;20;https://com.cqe.cz/switch-fire-emblem-engage/
Nintendo Switch Games;NSS206;SWITCH Fire Emblem Warriors: Three Hopes;45496429942;100-179 ks;;36,00;0;Nintendo;0,05;105 * 170 * 11;20;https://com.cqe.cz/switch-fire-emblem-warriors-three-hopes/
Nintendo Switch Games;NSS202;SWITCH Fire Emblem: Three Houses;45496424220;Not in stock, On the road 500+ ks 13.4.;;36,00;0;Nintendo;0,05;105 * 170 * 11;20;https://com.cqe.cz/switch-fire-emblem-three-houses/
Nintendo Switch Games;NSS240;SWITCH Go Vacation;45496422462;Not in stock, On the road 500+ ks 13.4.;;30,00;0;Nintendo;0,05;105 * 170 * 11;20;https://com.cqe.cz/switch-go-vacation/
Nintendo Switch Games;NSS248;SWITCH Grand Theft Auto: The Trilogy - The Def.Ed.;45496429027;41-99 ks;;36,00;0;Nintendo;0,05;105 * 170 * 11;20;https://com.cqe.cz/switch-grand-theft-auto-the-trilogy-the-def-ed/
Nintendo Switch Games;NSS265;SWITCH Harvest Moon: One World;45496426484;1 ks;;30,00;0;Nintendo;0,05;105 * 170 * 11;20;https://com.cqe.cz/switch-harvest-moon-one-world/
Nintendo Switch Games;NSS300;SWITCH Hyrule Warriors Definitive Edition;45496421816;500+ ks;;36,00;0;Nintendo;0,05;105 * 170 * 11;20;https://com.cqe.cz/switch-hyrule-warriors-definitive-edition/
Nintendo Switch Games;NSS302;SWITCH Hyrule Warriors: Age of Calamity;45496427023;Not in stock, On the road 500+ ks 13.4.;;36,00;0;Nintendo;0,05;105 * 170 * 11;20;https://com.cqe.cz/switch-hyrule-warriors-age-of-calamity/
Nintendo Switch Games;NSS364;SWITCH Just Dance 2023 Retail Ed.(code only);3307216248057;1 ks;64;40,00;0;UbiSoft;0,1;105 * 170 * 11;9;https://com.cqe.cz/switch-just-dance-2023-retail-ed-code-only/
Nintendo Switch Games;NSS375;SWITCH Kirby Star Allies;45496421656;500+ ks;;36,00;0;Nintendo;0,05;105 * 170 * 11;20;https://com.cqe.cz/switch-kirby-star-allies/
Nintendo Switch Games;NSS372;SWITCH Kirby and the Forgotten Land;45496429270;500+ ks;;36,00;0;Nintendo;0,05;105 * 170 * 11;20;https://com.cqe.cz/switch-kirby-and-the-forgotten-land/
Nintendo Switch Games;NSS378;SWITCH Kirby's Return to Dream Land Deluxe;45496478643;Not in stock, On the road 500+ ks 13.4.;;36,00;0;Nintendo;0,05;105 * 170 * 11;20;https://com.cqe.cz/switch-kirby-s-return-to-dream-land-deluxe/
Nintendo Switch Games;INS550;SWITCH Laysara: Summit Kingdom;5906213246004;Release date 1.5.2026;41;24,56;0;Nejcraft Interactive s.r.o.;0,06;105 * 170 * 11;20;https://com.cqe.cz/switch-laysara-summit-kingdom/
Nintendo Switch Games;INS551;SWITCH Laysara: Summit Kingdom Collector's Edition;5906213246011;Release date 1.5.2026;70;41,78;0;Nejcraft Interactive s.r.o.;0,1;135 * 170 * 15;2;https://com.cqe.cz/switch-laysara-summit-kingdom-collector-s-edition/
Nintendo Switch Games;NSS39823;SWITCH Layton's Mystery Journey: K&M Con. Del. Ed.;45496425517;41-99 ks;;24,00;0;Nintendo;0,05;105 * 170 * 11;20;https://com.cqe.cz/switch-layton-s-mystery-journey-k-m-con-del-ed/
Nintendo Switch Games;NSS422;SWITCH Luigi's Mansion 2 HD;45496512149;500+ ks;;36,00;0;Nintendo;0,05;105 * 170 * 11;20;https://com.cqe.cz/switch-luigi-s-mansion-2-hd/
Nintendo Switch Games;NSS424;SWITCH Luigi's Mansion 3;45496425241;500+ ks;;36,00;0;Nintendo;0,05;105 * 170 * 11;20;https://com.cqe.cz/switch-luigi-s-mansion-3/
Nintendo Switch Games;NSS4328;SWITCH Mario & Luigi: Brothership;45496512507;180-299 ks;;36,00;0;Nintendo;0,51;105 * 170 * 11;20;https://com.cqe.cz/switch-mario-luigi-brothership/
Nintendo Switch Games;NSS433;SWITCH Mario & Sonic at the Tokyo Olymp. Game 2020;45496424916;Not in stock, On the road 500+ ks 13.4.;;36,00;0;Nintendo;0,05;105 * 170 * 11;20;https://com.cqe.cz/switch-mario-sonic-at-the-tokyo-olymp-game-2020/
Nintendo Switch Games;NSS4346;SWITCH Mario + Rabbids Sparks of Hope Gold Ed.;3307216244028;100-179 ks;97;25,00;0;UbiSoft;0,06;105 * 170 * 11;20;https://com.cqe.cz/switch-mario-rabbids-sparks-of-hope-gold-ed/
Nintendo Switch Games;NSS426;SWITCH Mario Golf: Super Rush;45496427719;500+ ks;;36,00;0;Nintendo;0,05;105 * 170 * 11;20;https://com.cqe.cz/switch-mario-golf-super-rush/
Nintendo Switch Games;NSS430;SWITCH Mario Kart 8 Deluxe;45496420277;500+ ks;;36,00;0;Nintendo;0,05;105 * 170 * 11;20;https://com.cqe.cz/switch-mario-kart-8-deluxe/
Nintendo Switch Games;NSS4326;SWITCH Mario Party Superstars;45496428655;Not in stock, On the road 500+ ks 13.4.;;36,00;0;Nintendo;0,05;105 * 170 * 11;20;https://com.cqe.cz/switch-mario-party-superstars/
Nintendo Switch Games;NSS436;SWITCH Mario Strikers: Battle League Football;45496429713;13-20 ks;;36,00;0;Nintendo;0,05;105 * 170 * 11;20;https://com.cqe.cz/switch-mario-strikers-battle-league-football/
Nintendo Switch Games;NSS435;SWITCH Mario Tennis Aces;45496422011;500+ ks;;36,00;0;Nintendo;0,05;105 * 170 * 11;20;https://com.cqe.cz/switch-mario-tennis-aces/
Nintendo Switch Games;NSS4364;SWITCH Mario vs. Donkey Kong;45496511524;180-299 ks;;30,00;0;Nintendo;0,05;105 * 170 * 11;20;https://com.cqe.cz/switch-mario-vs-donkey-kong/
Nintendo Switch Games;NSS437;SWITCH Marvel Ultimate Alliance 3: The Black Order;45496423391;100-179 ks;;36,00;0;Nintendo;0,06;105 * 170 * 11;20;https://com.cqe.cz/switch-marvel-ultimate-alliance-3-the-black-order/
Nintendo Switch Games;NSS4378;SWITCH Master Detective Archives: RAIN CODE;45496478841;180-299 ks;;36,00;0;Nintendo;0,05;105 * 170 * 11;20;https://com.cqe.cz/switch-master-detective-archives-rain-code/
Nintendo Switch Games;NSS438;SWITCH Metroid Dread;45496428464;500+ ks;;36,00;0;Nintendo;0,05;105 * 170 * 11;20;https://com.cqe.cz/switch-metroid-dread/
Nintendo Switch Games;NSS4388;SWITCH Metroid Prime 4: Beyond;45496513191;500+ ks;;36,00;0;Nintendo;0,05;105 * 170 * 11;20;https://com.cqe.cz/switch-metroid-prime-4-beyond/
Nintendo Switch Games;NSS4387;SWITCH Metroid Prime Remastered;45496478919;300-499 ks;;24,00;0;Nintendo;0,05;105 * 170 * 11;20;https://com.cqe.cz/switch-metroid-prime-remastered/
Nintendo Switch Games;NSS440;SWITCH Miitopia;45496427634;Not in stock, On the road 500+ ks 20.4.;;30,00;0;Nintendo;0,05;105 * 170 * 11;20;https://com.cqe.cz/switch-miitopia/
Nintendo Switch Games;NSS447;SWITCH Minecraft Dungeons Ultimate Edition;45496429096;Not in stock, On the road 500+ ks 20.4.;;24,00;0;Nintendo;0,05;105 * 170 * 11;20;https://com.cqe.cz/switch-minecraft-dungeons-ultimate-edition/
Nintendo Switch Games;NSS448;SWITCH Minecraft Legends Deluxe Edition;45496479008;Not in stock, On the road 500+ ks 13.4.;;30,00;0;Nintendo;0,06;105 * 170 * 11;20;https://com.cqe.cz/switch-minecraft-legends-deluxe-edition/
Nintendo Switch Games;NSS444;SWITCH Minecraft: Nintendo Switch Edition;45496420628;500+ ks;;18,00;0;Nintendo;0,05;105 * 170 * 11;20;https://com.cqe.cz/switch-minecraft-nintendo-switch-edition/
Nintendo Switch Games;NSS452;SWITCH Monster Hunter Rise;45496427115;41-99 ks;;36,00;0;Nintendo;0,05;105 * 170 * 11;20;https://com.cqe.cz/switch-monster-hunter-rise/
Nintendo Switch Games;NSS455;SWITCH Monster Hunter Stories 2: Wings of Ruin;45496427887;41-99 ks;;36,00;0;Nintendo;0,06;105 * 170 * 11;20;https://com.cqe.cz/switch-monster-hunter-stories-2-wings-of-ruin/
Nintendo Switch Games;NSS467;SWITCH New Pokémon Snap;45496427313;500+ ks, Discount 1 ks;;36,00;0;Nintendo;0,05;105 * 170 * 11;20;https://com.cqe.cz/switch-new-pokemon-snap/
Nintendo Switch Games;NSS468;SWITCH New Super Mario Bros U Deluxe;45496423780;500+ ks;;36,00;0;Nintendo;0,05;105 * 170 * 11;20;https://com.cqe.cz/switch-new-super-mario-bros-u-deluxe/
Nintendo Switch Games;NSS480;SWITCH Nintendo Labo Customisation Set;45496430825;41-99 ks, Discount 3-4 ks;;7,40;0;Nintendo;0,09;205 * 130 * 35;16;https://com.cqe.cz/switch-nintendo-labo-customisation-set/
Nintendo Switch Games;NSS509;SWITCH Nintendo Switch Sports;45496429584;500+ ks;;30,00;0;Nintendo;0,12;207 * 110 * 36;24;https://com.cqe.cz/switch-nintendo-switch-sports/
Nintendo Switch Games;NSS510;SWITCH No More Heroes 3;45496427498;100-179 ks;;36,00;0;Nintendo;0,05;105 * 170 * 11;20;https://com.cqe.cz/switch-no-more-heroes-3/
Nintendo Switch Games;NSS5242;SWITCH Paper Mario: The Thousand-Year Door;45496511890;300-499 ks;;36,00;0;Nintendo;0,05;105 * 170 * 11;20;https://com.cqe.cz/switch-paper-mario-the-thousand-year-door/
Nintendo Switch Games;NSS526;SWITCH Pikmin 1 + 2;45496479701;Not in stock, On the road 500+ ks 13.4.;;30,00;0;Nintendo;0,05;105 * 170 * 11;20;https://com.cqe.cz/switch-pikmin-1-2/
Nintendo Switch Games;NSS527;SWITCH Pikmin 3 Deluxe;45496423070;500+ ks;;36,00;0;Nintendo;0,05;105 * 170 * 11;20;https://com.cqe.cz/switch-pikmin-3-deluxe/
Nintendo Switch Games;NSS5272;SWITCH Pikmin 4;45496479299;300-499 ks;;36,00;0;Nintendo;0,18;105 * 170 * 11;20;https://com.cqe.cz/switch-pikmin-4/
Nintendo Switch Games;NSS530;SWITCH Pokkén Tournament DX;45496420727;300-499 ks;;36,00;0;Nintendo;0,05;105 * 170 * 11;20;https://com.cqe.cz/switch-pokken-tournament-dx/
Nintendo Switch Games;NSS532;SWITCH Pokémon Brilliant Diamond;45496428075;Not in stock, On the road 500+ ks 13.4.;;36,00;0;Nintendo;0,06;105 * 170 * 11;20;https://com.cqe.cz/switch-pokemon-brilliant-diamond/
Nintendo Switch Games;NSS534;SWITCH Pokémon Legends: Arceus;45496428273;500+ ks;;36,00;0;Nintendo;0,06;105 * 170 * 11;20;https://com.cqe.cz/switch-pokemon-legends-arceus/
Nintendo Switch Games;NSS576;SWITCH Pokémon Legends: Z-A;45496512989;500+ ks;;36,00;0;Nintendo;0,06;105 * 170 * 11;20;https://com.cqe.cz/switch-pokemon-legends-z-a/
Nintendo Switch Games;NSS535;SWITCH Pokémon Let's Go Eevee!;45496423230;Not in stock, On the road 500+ ks 13.4.;;36,00;0;Nintendo;0,05;105 * 170 * 11;20;https://com.cqe.cz/switch-pokemon-let-s-go-pikachu/
Nintendo Switch Games;NSS538;SWITCH Pokémon Let's Go Pikachu!;45496423155;180-299 ks;;36,00;0;Nintendo;0,05;105 * 170 * 11;20;https://com.cqe.cz/switch-pokemon-let-s-go-pikachu-2/
Nintendo Switch Games;NSS542;SWITCH Pokémon Mystery Dungeon: Rescue Team DX;45496425999;500+ ks;;36,00;0;Nintendo;0,05;105 * 170 * 11;20;https://com.cqe.cz/switch-pokemon-mystery-dungeon-rescue-team-dx/
Nintendo Switch Games;NSS556;SWITCH Pokémon Scarlet;45496510725;500+ ks;;36,00;0;Nintendo;0,06;105 * 170 * 11;20;https://com.cqe.cz/switch-pokemon-scarlet/
Nintendo Switch Games;NSS560;SWITCH Pokémon Shield;45496424824;500+ ks;;36,00;0;Nintendo;0,06;105 * 170 * 11;20;https://com.cqe.cz/switch-pokemon-shield/
Nintendo Switch Games;NSS564;SWITCH Pokémon Shining Pearl;45496428174;180-299 ks;;36,00;0;Nintendo;0,06;105 * 170 * 11;20;https://com.cqe.cz/switch-pokemon-shining-pearl/
Nintendo Switch Games;NSS570;SWITCH Pokémon Sword;45496424756;500+ ks;;36,00;0;Nintendo;0,06;105 * 170 * 11;20;https://com.cqe.cz/switch-pokemon-sword/
Nintendo Switch Games;NSS574;SWITCH Pokémon Violet;45496510824;500+ ks;;36,00;0;Nintendo;0,06;105 * 170 * 11;20;https://com.cqe.cz/switch-pokemon-violet/
Nintendo Switch Games;NSS616;SWITCH REYNATIS - Deluxe Edition;810100863661;5-7 ks;70;40,93;0;NIS America;0,07;105 * 170 * 11;20;https://com.cqe.cz/switch-reynatis-deluxe-edition/
Nintendo Switch Games;NSS620;SWITCH Ring Fit Adventure;45496424169;300-499 ks;;52,00;0;Nintendo;0,76;340 * 331 * 65;8;https://com.cqe.cz/switch-ring-fit-adventure/
Nintendo Switch Games;INS750;SWITCH Romancing SaGa: Minstrel Song Remastered I.;3760328374487;1 ks;50;28,08;0;Red Art Games;0,1;105 * 170 * 11;14;https://com.cqe.cz/switch-romancing-saga-minstrel-song-remastered-i/
Nintendo Switch Games;NSS6495;SWITCH Shin Megami Tensei V;45496428846;21-40 ks;;36,00;0;Nintendo;0,05;105 * 170 * 11;20;https://com.cqe.cz/switch-shin-megami-tensei-v/
Nintendo Switch Games;NSS657;SWITCH Snack World: The Dungeon Crawl - Gold;45496423667;21-40 ks;;30,00;0;Nintendo;0,05;105 * 170 * 11;20;https://com.cqe.cz/switch-snack-world-the-dungeon-crawl-gold/
Nintendo Switch Games;INS800;SWITCH Spellcaster University;3760328373220;3-4 ks;37;21,06;0;Red Art Games;0,05;105 * 170 * 11;20;https://com.cqe.cz/switch-spellcaster-university/
Nintendo Switch Games;NSS664;SWITCH Splatoon 2;45496420437;300-499 ks;;36,00;0;Nintendo;0,05;105 * 170 * 11;20;https://com.cqe.cz/switch-splatoon-2/
Nintendo Switch Games;NSS6652;SWITCH Splatoon 3;45496510619;300-499 ks;;36,00;0;Nintendo;0,05;105 * 170 * 11;20;https://com.cqe.cz/switch-splatoon-3/
Nintendo Switch Games;INS820;SWITCH Stray;811949038692;300-499 ks;41;25,00;0;GCD MACIEJ JOPS;0,07;105 * 170 * 11;20;https://com.cqe.cz/switch-stray/
Nintendo Switch Games;NSS6711;SWITCH Super Mario 3D World + Bowser's Fury;45496426941;500+ ks;;36,00;0;Nintendo;0,05;105 * 170 * 11;20;https://com.cqe.cz/switch-super-mario-3d-world-bowser-s-fury/
Nintendo Switch Games;NSS6684;SWITCH Super Mario Bros. Wonder;45496479787;500+ ks;;36,00;0;Nintendo;0,05;105 * 170 * 11;20;https://com.cqe.cz/switch-super-mario-bros-wonder/
Nintendo Switch Games;NSS6686;SWITCH Super Mario Galaxy 1 + Super Mario Galaxy 2;45496513085;500+ ks, Discount 13-20 ks;;44,10;0;Nintendo;0,05;105 * 170 * 11;20;https://com.cqe.cz/switch-super-mario-galaxy-1-super-mario-galaxy-2/
Nintendo Switch Games;NSS669;SWITCH Super Mario Maker 2;45496424343;Not in stock, On the road 500+ ks 13.4.;;36,00;0;Nintendo;0,05;105 * 170 * 11;20;https://com.cqe.cz/switch-super-mario-maker-2/
Nintendo Switch Games;NSS670;SWITCH Super Mario Odyssey;45496420864;Not in stock, On the road 500+ ks 13.4.;;36,00;0;Nintendo;0,05;105 * 170 * 11;20;https://com.cqe.cz/switch-super-mario-odyssey/
Nintendo Switch Games;NSS672;SWITCH Super Mario Party;45496422981;Not in stock, On the road 300-499 ks 16.3.;;36,00;0;Nintendo;0,05;105 * 170 * 11;20;https://com.cqe.cz/switch-super-mario-party/
Nintendo Switch Games;NSS6734;SWITCH Super Mario Party Jamboree;45496512606;500+ ks;;36,00;0;Nintendo;0,06;105 * 170 * 11;20;https://com.cqe.cz/switch-super-mario-party-jamboree/
Nintendo Switch Games;NSS6736;SWITCH Super Mario RPG;45496479947;180-299 ks;;36,00;0;Nintendo;0,05;105 * 170 * 11;20;https://com.cqe.cz/switch-super-mario-rpg/
Nintendo Switch Games;NSS6738;SWITCH Super Monkey Ball Banana Rumble;45496511982;180-299 ks;54;30,00;0;Sega;0,06;207 * 110 * 36;20;https://com.cqe.cz/switch-super-monkey-ball-banana-rumble/
Nintendo Switch Games;NSS676;SWITCH Super Smash Bros. Ultimate;45496422899;500+ ks;;42,00;0;Nintendo;0,05;105 * 170 * 11;20;https://com.cqe.cz/switch-super-smash-bros-ultimate/
Nintendo Switch Games;NSS678;SWITCH Sushi Striker: The Way of Sushido;45496422103;1 ks;;26,00;0;Nintendo;0,05;105 * 170 * 11;20;https://com.cqe.cz/switch-sushi-striker-the-way-of-sushido/
Nintendo Switch Games;INS890;SWITCH The Legend of Heroes:Trails bey. Horizon D.;810100864941;8-12 ks;66;40,96;0;NIS America;0,06;105 * 170 * 11;20;https://com.cqe.cz/switch-the-legend-of-heroes-trails-bey-horizon-d/
Nintendo Switch Games;NSS695;SWITCH The Legend of Zelda: Breath of the Wild;45496420055;500+ ks;;42,00;0;Nintendo;0,05;105 * 170 * 11;20;https://com.cqe.cz/switch-the-legend-of-zelda-breath-of-the-wild/
Nintendo Switch Games;NSS697;SWITCH The Legend of Zelda: Echoes of Wisdom;45496512408;500+ ks;;36,00;0;Nintendo;0,05;105 * 170 * 11;20;https://com.cqe.cz/switch-the-legend-of-zelda-echoes-of-wisdom/
Nintendo Switch Games;NSS700;SWITCH The Legend of Zelda: Link's Awakening;45496424435;180-299 ks;;36,00;0;Nintendo;0,05;105 * 170 * 11;20;https://com.cqe.cz/switch-the-legend-of-zelda-link-s-awakening/
Nintendo Switch Games;NSS702;SWITCH The Legend of Zelda: Skyward Sword HD;45496427801;Not in stock, On the road 500+ ks 13.4.;;36,00;0;Nintendo;0,05;105 * 170 * 11;20;https://com.cqe.cz/switch-the-legend-of-zelda-skyward-sword-hd/
Nintendo Switch Games;NSS703;SWITCH The Legend of Zelda: Tears of the Kingdom;45496478728;500+ ks;;42,00;0;Nintendo;0,05;105 * 170 * 11;20;https://com.cqe.cz/switch-the-legend-of-zelda-tears-of-the-kingdom/
Nintendo Switch Games;NSS7185;SWITCH Tomodachi Life Living the Dream;45496513535;Release date 16.4.2026;;36,00;0;Nintendo;0,05;105 * 170 * 11;20;https://com.cqe.cz/switch-tomodachi-life-living-the-dream/
Nintendo Switch Games;NSS782;SWITCH WarioWare: Move It!;45496479879;41-99 ks;;30,00;0;Nintendo;0,05;105 * 170 * 11;20;https://com.cqe.cz/switch-warioware-move-it/
Nintendo Switch Games;NSS822;SWITCH Xenoblade Chronicles 2;45496420956;180-299 ks;;36,00;0;Nintendo;0,08;105 * 170 * 11;20;https://com.cqe.cz/switch-xenoblade-chronicles-2/
Nintendo Switch Games;NSS825;SWITCH Xenoblade Chronicles 2: Torna~The Golden Co;45496422813;500+ ks;;24,00;0;Nintendo;0,05;105 * 170 * 11;20;https://com.cqe.cz/switch-xenoblade-chronicles-2-torna-the-golden-co/
Nintendo Switch Games;NSS830;SWITCH Xenoblade Chronicles 3;45496429805;500+ ks;;36,00;0;Nintendo;0,05;105 * 170 * 11;20;https://com.cqe.cz/switch-xenoblade-chronicles-3/
Nintendo Switch Games;NSS836;SWITCH Xenoblade Chronicles X: Definitive Edition;45496512880;500+ ks;;36,00;0;Nintendo;0,06;105 * 170 * 11;20;https://com.cqe.cz/switch-xenoblade-chronicles-x-definitive-edition/
Nintendo Switch Games;NSS827;SWITCH Xenoblade Chronicles: Definitive Edition;45496425821;500+ ks;;36,00;0;Nintendo;0,05;105 * 170 * 11;20;https://com.cqe.cz/switch-xenoblade-chronicles-definitive-edition/
Nintendo Switch Games;NSS875;SWITCH Yoshi's Crafted World;45496422646;100-179 ks;;36,00;0;Nintendo;0,08;105 * 170 * 11;20;https://com.cqe.cz/switch-yoshi-s-crafted-world/
Nintendo Switch Games;NSS882;SWITCH Ys X: Nordics - Deluxe Edition;810100863906;8-12 ks;70;40,93;0;NIS America;0,06;105 * 170 * 11;20;https://com.cqe.cz/switch-ys-x-nordics-deluxe-edition/
Nintendo Switch console;NSH007;Nintendo Switch - OLED Model (Neon Blue/Neon Red);45496453442;500+ ks;;271,00;0;Nintendo;1,5;260 * 210 * 100;6;https://com.cqe.cz/nintendo-switch-oled-model-neon-blue-neon-red/
Nintendo Switch console;NSH008;Nintendo Switch - OLED Model (White);45496453435;500+ ks, Discount 5-7 ks;;271,00;0;Nintendo;1,5;260 * 210 * 100;6;https://com.cqe.cz/nintendo-switch-oled-model-white/
Nintendo Switch console;NSH117;Nintendo Switch Lite Blue;45496453404;500+ ks;;170,00;0;Nintendo;0,61;225 * 115 * 85;12;https://com.cqe.cz/nintendo-switch-lite-blue/
Nintendo Switch console;NSH120;Nintendo Switch Lite Coral;45496453176;500+ ks;;170,00;0;Nintendo;0,65;225 * 115 * 85;12;https://com.cqe.cz/nintendo-switch-lite-coral/
Nintendo Switch console;NSH136;Nintendo Switch Lite Coral + ACNH bundle;45496546120;41-99 ks;;170,00;0;Nintendo;0,68;225 * 115 * 85;12;https://com.cqe.cz/nintendo-switch-lite-coral-acnh-bundle-2/
Nintendo Switch console;NSH123;Nintendo Switch Lite Hyrule Edition + 12M NSO + EP;45496453893;500+ ks;;178,00;0;Nintendo;0,65;225 * 115 * 85;12;https://com.cqe.cz/nintendo-switch-lite-hyrule-edition/
Nintendo Switch console;NSH105;Nintendo Switch Lite Turquoise;45496452711;300-499 ks;;170,00;0;Nintendo;0,63;225 * 115 * 85;12;https://com.cqe.cz/nintendo-switch-lite-turquoise/
Nintendo Switch console;NSH137;Nintendo Switch Lite Turquoise + ACNH bundle;45496546083;41-99 ks;;170,00;0;Nintendo;0,68;225 * 115 * 85;12;https://com.cqe.cz/nintendo-switch-lite-turquoise-acnh-bundle-2/
Nintendo Switch console;NSH110;Nintendo Switch Lite Yellow;45496452681;500+ ks, Discount 1 ks;;170,00;0;Nintendo;0,63;225 * 115 * 85;12;https://com.cqe.cz/nintendo-switch-lite-yellow/
Nintendo Switch console;NSH138;Nintendo Switch Lite Yellow + ACNH bundle;45496546069;180-299 ks;;170,00;0;Nintendo;0,66;225 * 115 * 85;12;https://com.cqe.cz/nintendo-switch-lite-yellow-acnh-bundle/
Nintendo Switch console;NSH0062;Nintendo Switch console with neon blue&red Joy-Con;45496453596;500+ ks, Discount 1 ks;;230,00;0;Nintendo;1,6;260 * 211 * 101;6;https://com.cqe.cz/nintendo-switch-console-with-neon-blue-red-joy-con/
Nintendo WiiU games;NIUS70803;WiiU Star Fox Guard (Download card only);45496336202;180-299 ks;;5,60;0;Nintendo;0,09;0 * 0 * 0;15;https://com.cqe.cz/wiiu-star-fox-guard-download-card-only/
Other Accessories;HRF1321;FUNLAB Switch 2 Thumb Grips - octopus;6978095910303;Release date 30.4.2026;12;7,66;0;Funlab;0,01;130 * 120 * 8;800;https://com.cqe.cz/funlab-switch-2-thumb-grips-octopus/
Other Accessories;HRF1006;FUNLAB Switch 2 Thumb Grips 4pcs set;6978095910266;Release date 30.4.2026;12;7,15;0;Funlab;0,01;110 * 83 * 10;800;https://com.cqe.cz/funlab-switch-2-thumb-grips-4pcs-set/
Other Accessories;HRSS021;SWITCH 2 HORI USB Camera Black;4961818039995;41-99 ks;37;22,56;0;HORI;0,21;105 * 60 * 155;24;https://com.cqe.cz/switch-2-hori-usb-camera-black/
Other accessories;HRG2250;GameSir Gamepad Carrying Case G001;6936685210004;21-40 ks;14;8,34;0;GameSir;0,23;156 * 60 * 185;60;https://com.cqe.cz/gamesir-gamepad-carrying-case-g001/
Other accessories;HRG9000;GameSir Wireless Dongle Reciever for Nova;6936685221123;100-179 ks;10;6,26;0;GameSir;0,03;160 * 138 * 71;200;https://com.cqe.cz/gamesir-wireless-dongle-reciever-for-nova/
PC games;KOPC00175;PC Captain Morgane and the Golden Turtle;5060112430671;41-99 ks;8;1,24;0;Reef Entertainment;0,14;135 * 190 * 15;25;https://com.cqe.cz/pc-captain-morgane-and-the-golden-turtle/
PC games;UAPC148;PC EXPERIENCE 112;8595228102343;41-99 ks;12;1,40;0;US action;0,14;135 * 190 * 15;25;https://com.cqe.cz/pc-experience-112/
PC games;KOPC004010;PC Grey Goo;8595172604863;5-7 ks;12;1,40;0;Ostatní;0,14;135 * 190 * 15;25;https://com.cqe.cz/pc-grey-goo/
PC games;DGO496850;PC Mirror's Edge Catalyst;;1 ks;46;34,51;0;Electronic Arts;0;0 * 0 * 0;0;https://com.cqe.cz/pc-mirror-s-edge-catalyst-2/
PC games;UAPC368;PC O pejskovi a kočičce;8595228102374;5-7 ks;12;1,40;0;US action;0,14;135 * 190 * 15;25;https://com.cqe.cz/pc-o-pejskovi-a-kocicce/
PC games;IDPC5550;PC Overclocked: A History of Violence;8594071050061;1 ks;4;1,39;0;Future games;0,14;135 * 190 * 15;25;https://com.cqe.cz/pc-overclocked-a-history-of-violence/
PC games;EAPC03769;PC Plants vs. Zombies: Battle for Neighborville;5030944121733;13-20 ks;21;6,00;0;Electronic Arts;0,1;135 * 190 * 15;25;https://com.cqe.cz/pc-plants-vs-zombies-battle-for-neighborville/
PC games;XG1201;PC Real crimes/unicorn killer;8595142711171;5-7 ks;4;1,47;0;Best ent.;0,14;135 * 190 * 15;25;https://com.cqe.cz/pc-real-crimes-unicorn-killer/
PC games;KOPC0122;PC Rochard;9006113001966;21-40 ks;6;1,02;0;Cinemax;0,14;135 * 190 * 15;25;https://com.cqe.cz/pc-rochard/
PC games;UAPC448;PC The Show;8595228101995;21-40 ks;12;1,40;0;Take 2;0,14;135 * 190 * 15;25;https://com.cqe.cz/pc-the-show/
PC games;NI26005;Safer na hru/ DVD obal;;180-299 ks;4;1,10;0;Ostatní;0,14;135 * 190 * 15;1;https://com.cqe.cz/safer-na-hru-dvd-obal/
PC games;NI26006;Safer na hry/Double Box DVD;;13-20 ks;7;4,00;0;Ostatní;0,14;135 * 190 * 15;0;https://com.cqe.cz/safer-na-hry-double-box-dvd/
Playstation 4 games;USP400315;PS4 Assassin's Creed Valhalla Dawn of Ragnarok;3307216234432;41-99 ks;41;7,81;0;UbiSoft;0,16;140 * 170 * 15;10;https://com.cqe.cz/ps4-assassin-s-creed-valhalla-dawn-of-ragnarok/
Playstation 4 games;AMNP41370;PS4 Disgaea 6 Complete Deluxe Edition;810023039082;5-7 ks;66;40,00;0;NIS America;0,11;135 * 170 * 15;20;https://com.cqe.cz/ps4-disgaea-6-complete-deluxe-edition/
Playstation 4 games;AMNP4640;PS4 REYNATIS - Deluxe Edition;810100863746;1 ks;70;40,93;0;NIS America;0,11;135 * 170 * 15;15;https://com.cqe.cz/ps4-reynatis-deluxe-edition/
Playstation 4 games;USP406455;PS4 Rabbids: Party of Legends;3307216237389;180-299 ks;43;9,00;0;UbiSoft;0,08;135 * 170 * 15;15;https://com.cqe.cz/ps4-rabbids-party-of-legends/
Playstation 4 games;INP4750;PS4 Romancing SaGa: Minstrel Song Remastered Int.;3760328374456;13-20 ks;50;28,08;0;Red Art Games;0,14;135 * 170 * 15;14;https://com.cqe.cz/ps4-romancing-saga-minstrel-song-remastered-int/
Playstation 4 games;INP4850;PS4 Terminator 2D: NO FATE - Day One Edition;5061077020372;13-20 ks;58;35,11;0;Reef Entertainment;0,28;135 * 170 * 15;10;https://com.cqe.cz/ps4-terminator-2d-no-fate-day-one-edition/
Playstation 4 games;AMNP7350;PS4 The Caligula Effect 2;810023037354;2 ks;54;33,00;0;NIS America;0,08;140 * 170 * 15;15;https://com.cqe.cz/ps4-the-caligula-effect-2/
Playstation 4 games;INP4890;PS4 The Legend of Heroes: Trails beyond Horizon D.;810100865023;5-7 ks;66;40,96;0;NIS America;0,11;135 * 170 * 15;15;https://com.cqe.cz/ps4-the-legend-of-heroes-trails-beyond-horizon-d/
Playstation 4 games;USP484111;PS4 Watch_Dogs Legion;3307216135210;500+ ks;43;4,00;0;UbiSoft;0,1;135 * 170 * 15;15;https://com.cqe.cz/ps4-watch_dogs-legion/
Playstation 4 games;USP484112;PS4 Watch_Dogs Legion Resistance Edition;3307216138693;100-179 ks;43;5,00;0;UbiSoft;0,1;153 * 170 * 15;15;https://com.cqe.cz/ps4-watch_dogs-legion-resistance-edition/
Playstation 4 games;AMNP49220;PS4 Ys X: Nordics - Deluxe Edition;810100863982;8-12 ks;70;40,93;0;NIS America;0,1;135 * 170 * 15;15;https://com.cqe.cz/ps4-ys-x-nordics-deluxe-edition/
Playstation 5;INP5280;PS5 Disciples: Domination Deluxe ed.;4260458363874;Release date 31.3.2026;54;33,27;0;Kalypso;0,12;135 * 170 * 15;15;https://com.cqe.cz/ps5-disciples-domination/
Playstation 5;INP5285;PS5 Dungeon Drafters;3760374320100;3-4 ks;41;23,40;0;Red Art Games;0,11;135 * 170 * 15;15;https://com.cqe.cz/ps5-dungeon-drafters/
Playstation 5;INP5300;PS5 Frostpunk 2 - Icebreaker Edition;810161630172;41-99 ks;54;33,20;0;Skybound Games;0,12;135 * 170 * 15;21;https://com.cqe.cz/ps5-frostpunk-2-icebreaker-edition/
Playstation 5;INP5301;PS5 Frostpunk 2 - Whiteout Edition;810161630301;3-4 ks;103;64,70;0;Skybound Games;1,34;135 * 170 * 15;1;https://com.cqe.cz/ps5-frostpunk-2-whiteout-edition/
Playstation 5;INP5350;PS5 Goodnight Universe;810161631339;1 ks;31;19,95;0;Skybound Games;0,08;135 * 170 * 15;15;https://com.cqe.cz/ps5-goodnight-universe/
Playstation 5;INP5420;PS5 Invincible VS;810161631933;Release date 30.4.2026;54;33,27;0;Skybound Games;0,12;135 * 170 * 15;15;https://com.cqe.cz/ps5-invincible-vs/
Playstation 5;INP5421;PS5 Invincible VS Collector's edition;810161631797;Release date 30.4.2026;103;65,71;0;Skybound Games;0,12;135 * 170 * 15;5;https://com.cqe.cz/ps5-invincible-vs-collector-s-edition/
Playstation 5;USP53662;PS5 Just Dance 2022;3307216211051;500+ ks, Discount 5-7 ks;43;4,00;0;UbiSoft;0,09;140 * 170 * 15;15;https://com.cqe.cz/ps5-just-dance-2022/
Playstation 5;INP5435;PS5 Koira;3760328375491;Release date 18.6.2026;33;19,10;0;Red Art Games;0,08;135 * 170 * 15;15;https://com.cqe.cz/ps5-koira/
Playstation 5;INP5550;PS5 Laysara: Summit Kingdom;5906213246035;Release date 1.5.2026;41;24,56;0;Nejcraft Interactive s.r.o.;0,1;135 * 170 * 15;15;https://com.cqe.cz/ps5-laysara-summit-kingdom/
Playstation 5;INP5551;PS5 Laysara: Summit Kingdom Collector's Edition;5906213246028;Release date 1.5.2026;70;41,78;0;Nejcraft Interactive s.r.o.;0,1;135 * 170 * 15;2;https://com.cqe.cz/ps5-laysara-summit-kingdom-collector-s-edition/
Playstation 5;INP5450;PS5 Lempo;3760328373855;8-12 ks;37;21,06;0;Red Art Games;0,08;135 * 170 * 15;15;https://com.cqe.cz/ps5-lempo/
Playstation 5;INP5580;PS5 Mythwrecked: Ambrosia Island;3760328375446;Release date 2.4.2026;37;21,49;0;Red Art Games;0,08;135 * 170 * 15;15;https://com.cqe.cz/ps5-mythwrecked-ambrosia-island/
Playstation 5;INP5675;PS5 Orcs Must Die! Deathtrap;810161630639;21-40 ks;41;25,53;0;Skybound Games;0,1;135 * 170 * 15;15;https://com.cqe.cz/ps5-orcs-must-die-deathtrap/
Playstation 5;INP5750;PS5 Romancing SaGa: Minstrel Song Remastered Int.;3760328374425;21-40 ks;50;28,08;0;Red Art Games;0,14;135 * 170 * 15;23;https://com.cqe.cz/ps5-romancing-saga-minstrel-song-remastered-int/
Playstation 5;INP5800;PS5 Spellcaster University;3760328373244;1 ks;37;21,06;0;Red Art Games;0,11;135 * 170 * 15;15;https://com.cqe.cz/ps5-spellcaster-university/
Playstation 5;EAP57100;PS5 Star Wars Jedi: Survivor;5030948124303;2 ks;81;20,00;0;Electronic Arts;0,08;130 * 175 * 15;15;https://com.cqe.cz/ps5-star-wars-jedi-survivor/
Playstation 5;INP5820;PS5 Stray;811949035196;41-99 ks, Discount 1 ks;29;18,24;0;GCD MACIEJ JOPS;0,1;135 * 170 * 15;15;https://com.cqe.cz/ps5-stray/
Playstation 5;INP5850;PS5 Terminator 2D: NO FATE - Day One Edition;5061077020402;41-99 ks;58;35,11;0;Reef Entertainment;0,28;135 * 170 * 15;10;https://com.cqe.cz/ps5-terminator-2d-no-fate-day-one-edition/
Screen Protectors;HRF1320;FUNLAB NS2 Screen Protector(3pcs+Film App Tool);6978095910433;Release date 30.4.2026;12;7,66;0;Funlab;0,01;233 * 14.70 * 155;234;https://com.cqe.cz/funlab-ns2-screen-protector-3pcs-film-app-tool/
Screen protectors;HRSS102;SWITCH 2 HORI Premium Screen Protective Filter;4961818041080;100-179 ks;16;10,01;0;HORI;0,02;140 * 5 * 244;200;https://com.cqe.cz/switch-2-hori-premium-screen-protective-filter/
Screen protectors;HRSS103;SWITCH 2 HORI Screen Protective Filter;4961818041349;41-99 ks;12;7,50;0;HORI;0,02;140 * 5 * 244;200;https://com.cqe.cz/switch-2-hori-screen-protective-filter/
Screen protectors;HRSS101;SWITCH 2 HORI Ultimate Anti-Glare Screen Filter;4961818041073;180-299 ks;21;12,52;0;HORI;0,02;140 * 5 * 244;200;https://com.cqe.cz/switch-2-hori-ultimate-anti-glare-screen-filter/
Sony Accessories;HRP5800;PS Portal ViviDeep Screen Protector;4961818039766;41-99 ks;25;14,91;0;HORI;0,02;135 * 5 * 241;200;https://com.cqe.cz/ps-portal-vivideep-screen-protector/
Sony Accessories;HRP51002;PS5 DualSense USB Charching Cable;810050910590;41-99 ks;16;10,01;0;HORI;0,11;88 * 43 * 171;48;https://com.cqe.cz/ps5-dualsense-usb-charching-cable/
Sony Accessories;HRP51003;PS5 USB-C Charging Play Cable for DualSense;4961818038554;41-99 ks;19;11,27;0;HORI;0,16;88 * 43 * 171;48;https://com.cqe.cz/ps5-usb-c-charging-play-cable-for-dualsense/
Sony Accessories;HRP51001;PS5 Ultra High Speed 8K HDMI 2.1 Cable;810050910583;41-99 ks;21;12,52;0;HORI;0,15;100 * 43 * 171;48;https://com.cqe.cz/ps5-ultra-high-speed-8k-hdmi-2-1-cable/
Sony Accessories;HRP52000;PS5/PC NOLVA Mechanical All-Button Arcade Control.;4961818039568;1 ks;157;95,33;0;HORI;1,18;320 * 85 * 230;6;https://com.cqe.cz/ps5-pc-nolva-mechanical-all-button-arcade-control/
Sony Accessories;HRP52078;PS5/PC Wireless Fighting Commander OCTA Pro;4961818038004;8-12 ks;103;62,71;0;HORI;0,55;200 * 160 * 85;16;https://com.cqe.cz/ps5-pc-wireless-fighting-commander-octa-pro/
Sony Accessories;HRP52076;PS5/PS4/PC Fighting Commander OCTA;810050911252;21-40 ks;62;35,75;0;HORI;0,35;180 * 147 * 80;24;https://com.cqe.cz/ps5-ps4-pc-fighting-commander-octa/
Sony Accessories;HRP52090;PS5/PS4/PC Fighting Stick Alpha Tekken 8 edition;810050912273;2 ks;260;158,07;0;HORI;3,41;480 * 365 * 165;2;https://com.cqe.cz/ps5-ps4-pc-fighting-stick-alpha-tekken-8-edition/
Sony Accessories;HRP56431;PS5/PS4/PC RWA: Racing Wheel Apex;810050910323;41-99 ks;136;79,52;0;HORI;3,26;325 * 295 * 295;2;https://com.cqe.cz/ps5-ps4-pc-rwa-racing-wheel-apex/
Sony Accessories;HRP56432;PS5/PS4/PC RWA: Racing Wheel Apex Wireless;810050911702;41-99 ks;178;107,88;0;HORI;3,38;325 * 295 * 295;2;https://com.cqe.cz/ps5-ps4-pc-rwa-racing-wheel-apex-wireless/
Sony Accessories;HRP472313;PS5/PS4/PC Tactical Assault Commander KB;810050911443;8-12 ks;155;89,29;0;HORI;0,71;180 * 297 * 95;8;https://com.cqe.cz/ps5-ps4-pc-tactical-assault-commander-kb/
Sony Accessories;HRP422102;PS5/PS4/PS3 Fighting Stick Mini;810050912341;8-12 ks;62;37,12;0;HORI;0,67;175 * 228 * 98;16;https://com.cqe.cz/ps5-ps4-ps3-fighting-stick-mini/
Switch 2 Accessories;N2P102;Joy-Con 2 (L) Light Blue;45496321390;500+ ks;;33,60;0;Nintendo;0,11;62 * 155 * 42;20;https://com.cqe.cz/joy-con-2-l-light-blue/
Switch 2 Accessories;N2P103;Joy-Con 2 (R) Light Red;45496321406;500+ ks;;33,60;0;Nintendo;0,11;62 * 155 * 42;20;https://com.cqe.cz/joy-con-2-r-light-red/
Switch 2 Accessories;N2P105;Joy-Con 2 Charging Grip;45496321376;500+ ks;;23,50;0;Nintendo;0,22;150 * 156 * 57;18;https://com.cqe.cz/joy-con-2-charging-grip/
Switch 2 Accessories;N2P101;Joy-Con 2 Pair Light Blue/Light Red;45496321413;500+ ks;;60,50;0;Nintendo;0,21;123 * 154 * 40;16;https://com.cqe.cz/joy-con-2-pair-light-blue-light-red/
Switch 2 Accessories;N2P104;Joy-Con 2 Strap Pair Light Blue/Light Red;45496321420;500+ ks;;10,10;0;Nintendo;0,04;156 * 31 * 62;24;https://com.cqe.cz/joy-con-2-strap-pair-light-blue-light-red/
Switch 2 Accessories;N2P106;Joy-Con 2 Wheel Pair;45496321383;500+ ks;;13,40;0;Nintendo;0,21;140 * 170 * 70;20;https://com.cqe.cz/joy-con-2-wheel-pair/
Switch 2 Accessories;N2P601;NS2 microSD Express card 256 GB Samsung;8806095700670;100-179 ks;;40,30;0;Nintendo;0,02;167 * 117 * 5;10;https://com.cqe.cz/ns2-microsd-express-card-256-gb-samsung/
Switch 2 Accessories;N2P602;NS2 microSD Express card 256 GB Sandisk;4523052030185;500+ ks;;40,30;0;Nintendo;0,01;164 * 109 * 9;25;https://com.cqe.cz/ns2-microsd-express-card-256-gb-sandisk/
Switch 2 Accessories;N2P502;Nintendo Switch 2 AC Adapter;45496321352;500+ ks;;20,20;0;Nintendo;0,22;92 * 129 * 44;24;https://com.cqe.cz/nintendo-switch-2-ac-adapter/
Switch 2 Accessories;N2P301;Nintendo Switch 2 Camera;45496321468;500+ ks;;40,30;0;Nintendo;0,25;90 * 220 * 75;16;https://com.cqe.cz/nintendo-switch-2-camera/
Switch 2 Accessories;N2P302;Nintendo Switch 2 Camera Piranha Plant;4961818039773;500+ ks;;26,90;0;Nintendo;0,28;105 * 235 * 60;20;https://com.cqe.cz/nintendo-switch-2-camera-piranha-plant/
Switch 2 Accessories;N2P401;Nintendo Switch 2 Carrying Case & Screen Protector;45496321437;500+ ks;;20,20;0;Nintendo;0,31;140 * 340 * 45;12;https://com.cqe.cz/nintendo-switch-2-carrying-case-screen-protector/
Switch 2 Accessories;N2P402;Nintendo Switch 2 Carrying Case All in One;45496321512;500+ ks;;53,80;0;Nintendo;0,84;248 * 163 * 241;4;https://com.cqe.cz/nintendo-switch-2-carrying-case-all-in-one/
Switch 2 Accessories;N2P201;Nintendo Switch 2 Pro Controller;45496321475;500+ ks;;60,50;0;Nintendo;0,39;125 * 195 * 66;16;https://com.cqe.cz/nintendo-switch-2-pro-controller/
Switch 2 Accessories;N2P202;Nintendo Switch 2 Pro Controller Resident Evil RE;45496321840;500+ ks;;67,20;0;Nintendo;0,39;123 * 200 * 65;16;https://com.cqe.cz/nintendo-switch-2-pro-controller-resident-evil-re/
Switch 2 Accessories;HRSS091;SWITCH 2 HORI Gaming Headset (Levander);4961818042223;13-20 ks;41;25,59;0;HORI;0,51;220 * 100 * 230;8;https://com.cqe.cz/switch-2-hori-gaming-headset-levander/
Switch Lite accessories;NSPL00;Carry Case for Nintendo Switch Lite Animal Cr.Ed.;45496431372;300-499 ks, Discount 1 ks;;16,50;0;Nintendo;0,17;230 * 110 * 35;18;https://com.cqe.cz/carry-case-for-nintendo-switch-lite-animal-cr-ed/
Switch Lite accessories;NSPL03;Screen Protective Filter for Nintendo Switch Lite;873124008128;300-499 ks;9;5,00;0;HORI;0,02;205 * 117 * 2;240;https://com.cqe.cz/screen-protective-filter-for-nintendo-switch-lite/
Switch Lite accessories;NSPL14;Slim Tough Pouch for Nintendo Switch Lite (Blue);873124008234;5-7 ks;10;5,95;0;HORI;0,16;115 * 290 * 40;24;https://com.cqe.cz/slim-tough-pouch-for-nintendo-switch-lite-blue/
Switch OLED accessories;NSP129;Nintendo Switch OLED Carrying Case&Screen Protect.;45496431501;500+ ks;;13,20;0;Nintendo;0,22;300 * 130 * 35;16;https://com.cqe.cz/nintendo-switch-oled-carrying-case-screen-protect/
Switch OLED accessories;HRSS0101;SWITCH 2 Wireless HORIPAD Turbo (Black);4961818042513;Release date 27.3.2026;64;39,67;0;HORI;0,31;157 * 70 * 143;24;https://com.cqe.cz/switch-2-wireless-horipad-turbo-black/
Switch OLED accessories;HRSS0102;SWITCH 2 Wireless HORIPAD Turbo (Frost);4961818042698;Release date 27.3.2026;64;39,67;0;HORI;0,31;157 * 70 * 143;24;https://com.cqe.cz/switch-2-wireless-horipad-turbo-frost/
Switch OLED accessories;NSP214;SWITCH OLED Premium Screen Filter;810050911078;1 ks;27;15,29;0;HORI;0,02;205 * 1 * 117;240;https://com.cqe.cz/switch-oled-premium-screen-filter/
Switch accessories;NSP012;Compact PlayStand for Nintendo Switch - Zelda;873124006896;13-20 ks;15;8,25;0;HORI;0,16;99 * 35 * 200;48;https://com.cqe.cz/compact-playstand-for-nintendo-switch-zelda/
Switch accessories;HRG1013;GameSir Cyclone 2 Bundle Black;6936685221352;300-499 ks;60;36,85;0;GameSir;0,66;178 * 93 * 161;20;https://com.cqe.cz/gamesir-cyclone-2-bundle-black/
Switch accessories;HRG71098;GameSir Nova Lite 2 Luminous White;6936685222533;300-499 ks;41;24,87;0;GameSir;0,44;159 * 150 * 63;30;https://com.cqe.cz/gamesir-nova-lite-2-luminous-white/
Switch accessories;HRG71097;GameSir Nova Lite 2 Midnight Gray;6936685222540;8-12 ks;41;24,87;0;GameSir;0,44;159 * 150 * 63;30;https://com.cqe.cz/gamesir-nova-lite-2-midnight-gray/
Switch accessories;HRG71093;GameSir Nova Lite Multiplat.controller Blush Pink;6936685221734;8-12 ks;29;16,84;0;GameSir;0,3;157 * 145 * 62;30;https://com.cqe.cz/gamesir-nova-lite-multiplat-controller-blush-pink/
Switch accessories;HRG71094;GameSir Nova Lite Multiplat.controller Gold Yellow;6936685221697;100-179 ks;29;16,84;0;GameSir;0,3;157 * 145 * 62;30;https://com.cqe.cz/gamesir-nova-lite-multiplat-controller-gold-yellow/
Switch accessories;HRG71095;GameSir Nova Lite Multiplat.controller Mint Green;6936685221727;41-99 ks;29;16,84;0;GameSir;0,32;157 * 145 * 62;30;https://com.cqe.cz/gamesir-nova-lite-multiplat-controller-mint-green/
Switch accessories;HRG71096;GameSir Nova Lite Multiplat.controller Sky Blue;6936685221710;41-99 ks;29;16,84;0;GameSir;0,3;157 * 145 * 62;30;https://com.cqe.cz/gamesir-nova-lite-multiplat-controller-sky-blue/
Switch accessories;HRG7108;GameSir Nova Lite Multiplat.controller Sp. Purple;6936685221413;500+ ks;29;16,84;0;GameSir;0,32;157 * 145 * 62;30;https://com.cqe.cz/gamesir-nova-lite-multiplat-controller-sp-purple/
Switch accessories;HRG7109;GameSir Nova Lite Multiplat.controller St. White;6936685221406;500+ ks;29;16,84;0;GameSir;0,32;157 * 145 * 62;30;https://com.cqe.cz/gamesir-nova-lite-multiplat-controller-st-white/
Switch accessories;HRG7111;GameSir Nova MultiPlalform Controller Neon Teal;6936685220942;300-499 ks, Discount 1 ks;37;21,66;0;GameSir;0,4;157 * 145 * 62;30;https://com.cqe.cz/gamesir-nova-multiplalform-controller-neon-teal/
Switch accessories;HRG7110;GameSir Nova Multiplatform CONTROLLER Retro White;6936685220935;180-299 ks;37;21,66;0;GameSir;0,42;157 * 145 * 62;30;https://com.cqe.cz/gamesir-nova-multiplatform-controller-retro-white/
Switch accessories;HRG7120;GameSir Super Nova Nightfall Blue;6936685221994;41-99 ks;54;32,60;0;GameSir;0,64;180 * 154 * 86;20;https://com.cqe.cz/gamesir-super-nova-nightfall-blue/
Switch accessories;HRG7121;GameSir Super Nova Whipped Pink;6936685222007;180-299 ks;54;32,60;0;GameSir;0,63;0 * 0 * 0;20;https://com.cqe.cz/gamesir-super-nova-whipped-pink/
Switch accessories;HRG7130;GameSir Tarantula PRO Bundle ed.;6936685221765;8-12 ks;83;52,17;0;GameSir;0,74;101 * 186 * 203;20;https://com.cqe.cz/gamesir-tarantula-pro-bundle-ed/
Switch accessories;NSP020;Joy-Con AA Battery Pack Pair;45496430740;180-299 ks;;17,00;0;Nintendo;0,24;230 * 156 * 75;16;https://com.cqe.cz/joy-con-aa-battery-pack-pair/
Switch accessories;NSP050;Joy-Con Charging Grip;45496430511;500+ ks;;20,00;0;Nintendo;0,22;150 * 141 * 60;18;https://com.cqe.cz/joy-con-charging-grip/
Switch accessories;NSP065;Joy-Con Pair Blue/Neon Yellow;45496431303;500+ ks;;51,50;0;Nintendo;0,18;140 * 120 * 42;12;https://com.cqe.cz/joy-con-pair-blue-neon-yellow/
Switch accessories;NSP075;Joy-Con Pair Neon Green/Neon Pink;45496430795;500+ ks, Discount 1 ks;;51,50;0;Nintendo;0,18;140 * 120 * 42;12;https://com.cqe.cz/joy-con-pair-neon-green-neon-pink/
Switch accessories;NSP078;Joy-Con Pair Neon Purple/Neon Orange;45496431310;500+ ks, Discount 1 ks;;51,50;0;Nintendo;0,18;140 * 120 * 42;12;https://com.cqe.cz/joy-con-pair-neon-purple-neon-orange/
Switch accessories;NSP080;Joy-Con Pair Neon Red/Neon Blue;45496430566;500+ ks;;51,50;0;Nintendo;0,2;140 * 120 * 42;12;https://com.cqe.cz/joy-con-pair-neon-red-neon-blue/
Switch accessories;NSP086;Joy-Con Pair Pastel Pink/Yellow;45496431686;500+ ks;;51,50;0;Nintendo;0,18;140 * 120 * 42;12;https://com.cqe.cz/joy-con-pair-pastel-pink-yellow/
Switch accessories;NSP087;Joy-Con Pair Pastel Purple/Green;45496431693;500+ ks, Discount 2 ks;;51,50;0;Nintendo;0,18;140 * 120 * 42;12;https://com.cqe.cz/joy-con-pair-pastel-purple-green/
Switch accessories;NSP090;Joy-Con Strap Grey;45496430603;Not in stock, On the road 500+ ks 30.6.;;4,00;0;Nintendo;0,04;141 * 62 * 31;24;https://com.cqe.cz/joy-con-strap-grey/
Switch accessories;NSP100;Joy-Con Strap Neon Blue;45496430627;Not in stock, On the road 500+ ks 30.6.;;4,00;0;Nintendo;0,04;141 * 62 * 31;24;https://com.cqe.cz/joy-con-strap-neon-blue/
Switch accessories;NSP110;Joy-Con Strap Neon Red;45496430610;Not in stock, On the road 500+ ks 30.6.;;4,00;0;Nintendo;0,04;141 * 62 * 31;24;https://com.cqe.cz/joy-con-strap-neon-red/
Switch accessories;NSP115;Joy-Con Wheel Pair;45496430634;41-99 ks;;10,00;0;Nintendo;0,21;162 * 137 * 65;12;https://com.cqe.cz/joy-con-wheel-pair/
Switch accessories;NISCA10;Nintendo Sound Clock Alarmo;45496445010;500+ ks, Discount 2 ks;;71,50;0;Nintendo;0,34;160 * 94 * 104;12;https://com.cqe.cz/nintendo-sound-clock-alarmo/
Switch accessories;NSP133;Nintendo Switch Dock Set;45496430702;500+ ks;;60,00;0;Nintendo;0,76;240 * 220 * 60;8;https://com.cqe.cz/nintendo-switch-dock-set/
Switch accessories;NSP140;Nintendo Switch Pro Controller;45496430528;500+ ks;;45,00;0;Nintendo;0,39;160 * 150 * 65;12;https://com.cqe.cz/nintendo-switch-pro-controller/
Switch accessories;NSP1662;SWITCH HORIPAD Turbo (Black);810050911917;41-99 ks;31;17,37;0;HORI;0,35;165 * 145 * 85;24;https://com.cqe.cz/switch-horipad-turbo-black/
Switch accessories;NSP166;SWITCH HORIPAD Turbo (Mario);810050911924;41-99 ks;31;17,37;0;HORI;0,35;165 * 145 * 85;24;https://com.cqe.cz/switch-horipad-turbo-mario/
Switch accessories;NSP1661;SWITCH HORIPAD Turbo (Zelda);810050911931;41-99 ks;31;17,37;0;HORI;0,32;165 * 145 * 85;24;https://com.cqe.cz/switch-horipad-turbo-zelda/
Switch accessories;NSP1653;SWITCH Horipad Mini (Super Mario Series - Mario);810050910835;180-299 ks;21;12,78;0;HORI;0,23;136 * 154 * 53;24;https://com.cqe.cz/switch-horipad-mini-super-mario-series-mario/
Switch accessories;NSP285;SWITCH Mario Kart Racing Wheel Pro DELUXE;873124008616;21-40 ks;124;71,05;0;HORI;3,5;335 * 300 * 294;2;https://com.cqe.cz/switch-mario-kart-racing-wheel-pro-deluxe/
Switch accessories;NSP286;SWITCH Mario Kart Racing Wheel Pro MINI;873124007893;41-99 ks;74;40,56;0;HORI;1,59;275 * 255 * 255;4;https://com.cqe.cz/switch-mario-kart-racing-wheel-pro-mini/
Switch accessories;NSP188;SWITCH Premium Vault Case (Animal Crossing);873124008760;21-40 ks;26;15,00;0;HORI;0,25;319 * 123 * 34;24;https://com.cqe.cz/switch-premium-vault-case-animal-crossing/
Switch accessories;NSP28101;SWITCH Split Pad Compact (PAC-MAN);810050912143;13-20 ks;62;36,22;0;HORI;0,25;160 * 130 * 55;24;https://com.cqe.cz/switch-split-pad-compact-pac-man/
Switch accessories;NSP2820;SWITCH Split Pad Pro (Black);810050910101;Not in stock, On the road 41-99 ks ??.??.;58;29,61;0;HORI;0,29;170 * 158 * 55;24;https://com.cqe.cz/switch-split-pad-pro-black/
Switch accessories;NSP2811;SWITCH Split Pad Pro Attach. Set(Eevee Evolutions);810050911887;21-40 ks;93;57,23;0;HORI;0,42;168 * 143 * 67;24;https://com.cqe.cz/switch-split-pad-pro-attach-set-eevee-evolutions/
Switch accessories;NSP2813;SWITCH Split Pad Pro Attach. Set(Lavender);810050911863;21-40 ks;83;47,99;0;HORI;0,42;168 * 143 * 67;24;https://com.cqe.cz/switch-split-pad-pro-attach-set-lavender/
Switch accessories;HRS750;SWITCH Tough Pouch - City Pop Peach;810050912372;5-7 ks;25;15,03;0;HORI;0,17;270 * 41 * 128;24;https://com.cqe.cz/switch-tough-pouch-city-pop-peach/
Switch accessories;NSP179;SWITCH Tough Pouch - TLoZ: Link's Awakening;873124007992;13-20 ks;23;11,89;0;HORI;0,17;260 * 36 * 115;24;https://com.cqe.cz/switch-tough-pouch-tloz-link-s-awakening/
Switch accessories;NSP1843;SWITCH Vault Case (Splatoon 3);810050911580;13-20 ks;23;11,46;0;HORI;0,25;126 * 262 * 45;24;https://com.cqe.cz/switch-vault-case-splatoon-3/
Switch accessories;NSP1644;SWITCH Wireless HORIPAD (Legend of Zelda);810050912013;41-99 ks;41;23,99;0;HORI;0,32;160 * 120 * 65;24;https://com.cqe.cz/switch-wireless-horipad-legend-of-zelda/
Switch accessories;NSP254;Skyrim Protector for Nintendo Switch;873124006759;41-99 ks;21;12,15;0;HORI;0,2;0 * 0 * 0;24;https://com.cqe.cz/skyrim-protector-for-nintendo-switch/
Switch accessories;NINTF10;Talking Flower;45496510909;500+ ks;;20,50;0;Nintendo;0,33;155 * 130 * 115;10;https://com.cqe.cz/talking-flower/
Switch accessories;NSP220;Wired LAN Adapter for Nintendo Switch;873124006063;21-40 ks;34;18,97;0;HORI;0,09;35 * 100 * 160;48;https://com.cqe.cz/wired-lan-adapter-for-nintendo-switch/
Switch accessories;NSP164;Wireless HORIPAD for Nintendo Switch - Zelda;873124008746;41-99 ks;41;23,99;0;HORI;0,32;178 * 145 * 80;24;https://com.cqe.cz/wireless-horipad-for-nintendo-switch-zelda-2/
Xbox One games;DGMS00006;XONE Gears of War 4 - digital (kupon s kódem);4122018045005;100+ ks;46;34,51;0;Microsoft;0;0 * 0 * 0;0;https://com.cqe.cz/xone-gears-of-war-4-digital-kupon-s-kodem/
Xbox One games;EAX348422;XONE Madden NFL 23;5030939124312;5-7 ks;41;6,00;0;Electronic Arts;0,07;135 * 170 * 15;25;https://com.cqe.cz/xone-madden-nfl-23/
Xbox One games;USX307286;XONE Tom Clancy's Rainbow Six Extraction;3307216145400;500+ ks;33;2,00;0;UbiSoft;0,07;150 * 170 * 15;25;https://com.cqe.cz/xone-tom-clancy-s-rainbow-six-extraction/
Xbox One games;USX307288;XONE Tom Clancy's Rainbow Six Extraction Guard Ed.;3307216216438;41-99 ks;33;4,00;0;UbiSoft;0,07;150 * 170 * 15;25;https://com.cqe.cz/xone-tom-clancy-s-rainbow-six-extraction-guard-ed/
Xbox One games;USX307287;XONE Tom Clancy's Rainbow Six Extraction Lim. Ed.;3307216220435;180-299 ks;33;3,00;0;UbiSoft;0,07;150 * 170 * 15;25;https://com.cqe.cz/xone-tom-clancy-s-rainbow-six-extraction-lim-ed/
Xbox One games;USX307303;XONE Tom Clancy's The Division (Greatest Hits);3307215998540;21-40 ks;33;2,00;0;UbiSoft;0,09;150 * 170 * 15;25;https://com.cqe.cz/xone-tom-clancy-s-the-division-greatest-hits/
Xbox One games;USX307310;XONE Tom Clancy's The Division 2;3307216080749;500+ ks;22;2,00;0;UbiSoft;0,09;150 * 170 * 15;25;https://com.cqe.cz/xone-tom-clancy-s-the-division-2/
Xbox One games;USX384111;XONE Watch_Dogs Legion;3307216135395;300-499 ks;43;3,00;0;UbiSoft;0,09;150 * 170 * 15;25;https://com.cqe.cz/xone-watch_dogs-legion/
Xbox One games;INX250;XONE/XSX Broken Sword - Shadow of the Templars: R.;3760328374524;3-4 ks;41;23,40;0;Red Art Games;0,09;150 * 170 * 13;25;https://com.cqe.cz/xone-xsx-broken-sword-shadow-of-the-templars-r/
Xbox Series X;INX280;XSX Disciples: Domination Deluxe ed.;4260458363867;Release date 31.3.2026;54;33,27;0;Kalypso;0,12;135 * 170 * 15;15;https://com.cqe.cz/xsx-disciples-domination-deluxe-ed/
Xbox Series X;INX300;XSX Frostpunk 2 - Icebreaker Edition;810161630257;2 ks;54;33,20;0;Skybound Games;0,11;135 * 170 * 13;24;https://com.cqe.cz/xsx-frostpunk-2-icebreaker-edition/
Xbox Series X;INX420;XSX Invincible VS;810161632053;Release date 30.4.2026;54;33,27;0;Skybound Games;0,12;135 * 170 * 15;15;https://com.cqe.cz/xsx-invincible-vs/
Xbox Series X;EAX44981;XSX NHL 23;5035228124318;13-20 ks;31;8,00;0;Electronic Arts;0,07;0 * 0 * 0;30;https://com.cqe.cz/xsx-nhl-23/
Xbox Series X;INX675;XSX Orcs Must Die! Deathtrap;810161630714;13-20 ks;41;25,53;0;Skybound Games;0,09;135 * 170 * 13;15;https://com.cqe.cz/xsx-orcs-must-die-deathtrap/
Xbox Series X;EAX45000;XSX Star Wars Jedi: Survivor;5030948124365;3-4 ks;81;20,00;0;Electronic Arts;0,07;130 * 175 * 15;30;https://com.cqe.cz/xsx-star-wars-jedi-survivor/
Xbox Series X;INX850;XSX Terminator 2D: NO FATE - Day One Edition;5061077020433;13-20 ks;58;35,11;0;Reef Entertainment;0,27;150 * 170 * 13;10;https://com.cqe.cz/xsx-terminator-2d-no-fate-day-one-edition/
Xbox Series X;EAX46000;XSX Wild Hearts;5030949125002;2 ks;20;12,98;0;Electronic Arts;0,07;130 * 175 * 15;30;https://com.cqe.cz/xsx-wild-hearts/
amiibo figures;NIFA0127;amiibo Bandana Waddle Dee & Winged Star (Kirby AR);45496381332;41-99 ks;;30,00;0;Nintendo;0,28;140 * 200 * 90;12;https://com.cqe.cz/amiibo-bandana-waddle-dee-winged-star-kirby-ar/
amiibo figures;NIFA0126;amiibo Kirby & Warp Star (Kirby Air Riders);45496381325;300-499 ks;;30,00;0;Nintendo;0,26;140 * 200 * 90;12;https://com.cqe.cz/amiibo-kirby-warp-star-kirby-air-riders/
amiibo figures;NIFA0074;amiibo Kirby - King Dedede;45496380090;41-99 ks;;11,00;0;Nintendo;0,18;130 * 190 * 90;16;https://com.cqe.cz/amiibo-kirby-king-dedede/
amiibo figures;NIFA0073;amiibo Kirby - Meta Knight;45496380083;180-299 ks;;11,00;0;Nintendo;0,13;130 * 190 * 90;16;https://com.cqe.cz/amiibo-kirby-meta-knight/
amiibo figures;NIFA0075;amiibo Kirby - Waddle Dee;45496380106;300-499 ks;;11,00;0;Nintendo;0,12;130 * 190 * 90;16;https://com.cqe.cz/amiibo-kirby-waddle-dee/
amiibo figures;NIFA0128;amiibo Meta Knight & Shadow Star;45496381349;100-179 ks;;30,00;0;Nintendo;0,36;130 * 190 * 90;8;https://com.cqe.cz/amiibo-meta-knight-shadow-star/
amiibo figures;NIFA0681;amiibo Smash Chrom;45496380892;41-99 ks;;11,00;0;Nintendo;0,1;130 * 190 * 90;16;https://com.cqe.cz/amiibo-smash-chrom/
amiibo figures;NIFA0668;amiibo Smash Ice Climbers 68;45496380731;41-99 ks;;11,00;0;Nintendo;0,13;130 * 190 * 90;4;https://com.cqe.cz/amiibo-smash-ice-climbers-68/
amiibo figures;NIFA0680;amiibo Smash Incineroar;45496380878;100-179 ks;;11,00;0;Nintendo;0,1;130 * 190 * 90;4;https://com.cqe.cz/amiibo-smash-incineroar/
amiibo figures;NIFA0028;amiibo Smash King Dedede 28;45496352745;100-179 ks;;11,00;0;Nintendo;0,3;130 * 190 * 90;16;https://com.cqe.cz/amiibo-smash-king-dedede-28/
amiibo figures;NIFA0012;amiibo Smash Marth 12;45496352479;41-99 ks;;11,00;0;Nintendo;0,1;130 * 190 * 90;16;https://com.cqe.cz/amiibo-smash-marth-12/
amiibo figures;NIFA0029;amiibo Smash Meta Knight 29;45496352752;41-99 ks;;11,00;0;Nintendo;0,3;130 * 190 * 90;16;https://com.cqe.cz/amiibo-smash-meta-knight-29/
amiibo figures;NIFA0002;amiibo Smash Peach 2;45496352370;8-12 ks;;11,00;0;Nintendo;0,11;130 * 190 * 90;4;https://com.cqe.cz/amiibo-smash-peach-2/
amiibo figures;NIFA0010;amiibo Smash Pikachu 10;45496352455;41-99 ks;;11,00;0;Nintendo;0,11;130 * 190 * 90;4;https://com.cqe.cz/amiibo-smash-pikachu-10/
amiibo figures;NIFA0644;amiibo Smash Pikmin&Olimar 44;45496353063;100-179 ks;;11,00;0;Nintendo;0,3;130 * 190 * 90;4;https://com.cqe.cz/amiibo-smash-pikmin-olimar-44/
amiibo figures;NIFA0023;amiibo Smash Sheik 23;45496352585;5-7 ks;;11,00;0;Nintendo;0,1;130 * 190 * 90;16;https://com.cqe.cz/amiibo-smash-sheik-23/
amiibo figures;NIFA0676;amiibo Smash Snake 75;45496380816;13-20 ks;;11,00;0;Nintendo;0,09;130 * 190 * 90;4;https://com.cqe.cz/amiibo-smash-snake-75/
amiibo figures;NIFA0697;amiibo Smash Sora;45496381189;1 ks, Discount 1 ks;;11,00;0;Nintendo;0,09;130 * 190 * 90;16;https://com.cqe.cz/amiibo-smash-sora/
amiibo figures;NIFA0677;amiibo Smash Squirtle 77;45496380823;41-99 ks;;11,00;0;Nintendo;0,1;130 * 190 * 90;4;https://com.cqe.cz/amiibo-smash-squirtle/
amiibo figures;NIFA0691;amiibo Smash Steve & Alex 2-Pack;45496381059;180-299 ks;;22,00;0;Nintendo;0,13;130 * 190 * 90;4;https://com.cqe.cz/amiibo-smash-steve-alex-2-pack/
amiibo figures;NIFA0666;amiibo Smash Wolf 63;45496380717;100-179 ks;;11,00;0;Nintendo;0,1;130 * 190 * 90;4;https://com.cqe.cz/amiibo-smash-wolf-63/
amiibo figures;NIFA0640;amiibo Smash Zero Suit Samus 40;45496353032;41-99 ks;;11,00;0;Nintendo;0,1;130 * 190 * 90;4;https://com.cqe.cz/amiibo-smash-zero-suit-samus-40/
amiibo figures;NIFA0097;amiibo Splatoon - Inkling Boy;45496380540;180-299 ks;;11,00;0;Nintendo;0,11;140 * 200 * 90;16;https://com.cqe.cz/amiibo-splatoon-inkling-boy/
amiibo figures;NIFA0081;amiibo Splatoon 2-Pack: Callie & Marie;45496380168;300-499 ks;;22,00;0;Nintendo;0,1;130 * 190 * 90;16;https://com.cqe.cz/amiibo-splatoon-2-pack-callie-marie/
amiibo figures;NIFA0045;amiibo Splatoon Boy;45496352950;500+ ks;;11,00;0;Nintendo;0,11;130 * 190 * 90;16;https://com.cqe.cz/amiibo-splatoon-boy/
amiibo figures;NIFA0044;amiibo Splatoon Girl;45496352943;500+ ks;;11,00;0;Nintendo;0,11;130 * 190 * 90;16;https://com.cqe.cz/amiibo-splatoon-girl/
amiibo figures;NIFA0108;amiibo Splatoon Octoling 3-Pack;45496380656;13-20 ks;;33,00;0;Nintendo;0,28;130 * 190 * 90;4;https://com.cqe.cz/amiibo-splatoon-octoling-3-pack/
amiibo figures;NIFA0051;amiibo Splatoon Squid;45496352974;500+ ks;;11,00;0;Nintendo;0,1;130 * 190 * 90;16;https://com.cqe.cz/amiibo-splatoon-squid/
amiibo figures;NIFA00440;amiibo Super Mario - 3 set;45496380618;500+ ks, Discount 1 ks;;33,00;0;Nintendo;0,41;130 * 190 * 90;4;https://com.cqe.cz/amiibo-super-mario-3-set/
amiibo figures;NIFA0040;amiibo Super Mario - Bowser;45496352806;180-299 ks;;11,00;0;Nintendo;0,3;130 * 190 * 90;16;https://com.cqe.cz/amiibo-super-mario-bowser/
amiibo figures;NIFA00432;amiibo Super Mario - Daisy;45496380199;8-12 ks;;11,00;0;Nintendo;0,13;130 * 190 * 90;4;https://com.cqe.cz/amiibo-super-mario-daisy/
amiibo figures;NIFA0043;amiibo Super Mario - Donkey Kong;45496380236;500+ ks, Discount 5-7 ks;;11,00;0;Nintendo;0,15;130 * 190 * 90;16;https://com.cqe.cz/amiibo-super-mario-donkey-kong/
amiibo figures;NIFA00436;amiibo Super Mario - Koopa Troopa;45496353148;8-12 ks;;11,00;0;Nintendo;0,1;130 * 190 * 90;4;https://com.cqe.cz/amiibo-super-mario-koopa-troopa/
amiibo figures;NIFA0037;amiibo Super Mario - Luigi;45496352776;180-299 ks;;11,00;0;Nintendo;0,11;130 * 190 * 90;16;https://com.cqe.cz/amiibo-super-mario-luigi/
amiibo figures;NIFA00430;amiibo Super Mario - Rosalina;45496380229;21-40 ks;;11,00;0;Nintendo;0,12;130 * 190 * 90;4;https://com.cqe.cz/amiibo-super-mario-rosalina/
amiibo figures;NIFA00438;amiibo Super Mario - Wedding Mario;45496380588;41-99 ks;;11,00;0;Nintendo;0,11;130 * 190 * 90;4;https://com.cqe.cz/amiibo-super-mario-wedding-mario/
amiibo figures;NIFA00439;amiibo Super Mario - Wedding Peach;45496380595;21-40 ks;;11,00;0;Nintendo;0,14;130 * 190 * 90;4;https://com.cqe.cz/amiibo-super-mario-wedding-peach/
amiibo figures;NIFA0130;amiibo Super Mario BW - Captain Toad;45496381363;Release date 26.3.2026;;14,50;0;Nintendo;0,11;140 * 200 * 90;16;https://com.cqe.cz/amiibo-super-mario-bw-captain-toad/
amiibo figures;NIFA0129;amiibo Super Mario BW - Elephant Mario;45496381356;Release date 26.3.2026;;14,50;0;Nintendo;0,11;140 * 200 * 90;16;https://com.cqe.cz/amiibo-super-mario-bw-elephant-mario/
amiibo figures;NIFA0131;amiibo Super Mario BW - Poplin & Prince Florian;45496381370;Release date 26.3.2026;;14,50;0;Nintendo;0,11;140 * 200 * 90;16;https://com.cqe.cz/amiibo-super-mario-bw-poplin-prince-florian/
amiibo figures;NIFA0125;amiibo Sylux (Metroid Prime 4);45496381271;300-499 ks;;14,50;0;Nintendo;0,1;140 * 200 * 90;16;https://com.cqe.cz/amiibo-sylux-metroid-prime-4/
amiibo figures;NIFA0105;amiibo The Legend of Zelda Collection;45496380625;300-499 ks;;43,00;0;Nintendo;0,42;320 * 190 * 90;16;https://com.cqe.cz/amiibo-the-legend-of-zelda-collection/
amiibo figures;NIFA0110;amiibo Zelda & Loftwing;45496381028;500+ ks;;18,00;0;Nintendo;0,14;130 * 190 * 90;16;https://com.cqe.cz/amiibo-zelda-loftwing/
amiibo figures;NIFA0118;amiibo Zelda - Riju (Tears of the Kingdom);45496381219;500+ ks;;14,50;0;Nintendo;0,09;140 * 200 * 90;16;https://com.cqe.cz/amiibo-zelda-riju-tears-of-the-kingdom/
amiibo figures;NIFA0119;amiibo Zelda - Sidon (Tears of the Kingdom);45496381226;500+ ks;;14,50;0;Nintendo;0,1;140 * 200 * 90;16;https://com.cqe.cz/amiibo-zelda-sidon-tears-of-the-kingdom/
amiibo figures;NIFA0084;amiibo Zelda - Toon Link (The Wind Waker);45496380380;100-179 ks;;11,00;0;Nintendo;0,09;130 * 190 * 90;16;https://com.cqe.cz/amiibo-zelda-toon-link-the-wind-waker/
amiibo figures;NIFA0120;amiibo Zelda - Tulin (Tears of the Kingdom);45496381233;2 ks;;14,50;0;Nintendo;0,08;140 * 200 * 90;16;https://com.cqe.cz/amiibo-zelda-tulin-tears-of-the-kingdom/
amiibo figures;NIFA0121;amiibo Zelda - Yunobo (Tears of the Kingdom);45496381240;500+ ks;;14,50;0;Nintendo;0,16;140 * 200 * 90;16;https://com.cqe.cz/amiibo-zelda-yunobo-tears-of-the-kingdom/
amiibo figures;NIFA0085;amiibo Zelda - Zelda (The Wind Waker);45496380397;300-499 ks;;11,00;0;Nintendo;0,09;130 * 190 * 90;16;https://com.cqe.cz/amiibo-zelda-zelda-the-wind-waker/
